Product_A,Product_B,Support,Confidence_A_to_B,Lift,Combined_Revenue,Bundle_Score,Bundle_Recommendation,Business_Action
21231,21232,0.023194769245454112,0.4855144855144855,6.203039643283545,51293.78,0.0698548886604733,Strong Bundle Candidate,Test Bundle Offer
20723,20724,0.014222307068200258,0.43952802359882004,8.923866936498136,21876.91,0.05578400706545359,Strong Bundle Candidate,Cross-Selling Opportunity
20971,20972,0.01279053118885124,0.40853658536585363,10.503149783031573,31090.64,0.0548831582135962,Strong Bundle Candidate,Cross-Selling Opportunity
84970L,84970S,0.012981434639431107,0.4230171073094868,9.761539041250746,25355.04,0.05360421219912352,Strong Bundle Candidate,Cross-Selling Opportunity
21531,21535,0.010738319095117644,0.4174397031539889,11.37401053340121,17492.79,0.05098514798191201,Strong Bundle Candidate,Cross-Selling Opportunity
20719,20724,0.01455638810671503,0.399737876802097,8.115995864955755,25290.309999999998,0.047224867147118016,Strong Bundle Candidate,Cross-Selling Opportunity
22355,22356,0.01508137259580967,0.35665914221218964,8.679534270350766,27156.190000000002,0.04668642859075149,Strong Bundle Candidate,Cross-Selling Opportunity
84997C,84997D,0.01064286736982771,0.35453100158982515,11.716858164529349,38968.61,0.0442103588843651,Strong Bundle Candidate,Cross-Selling Opportunity
22865,22866,0.010404238056602873,0.3438485804416404,11.753114691669971,31565.9,0.042046561969392195,Strong Bundle Candidate,Cross-Selling Opportunity
84997B,84997C,0.010738319095117644,0.336322869955157,11.203454839698576,37349.42,0.04046175102121864,Strong Bundle Candidate,Cross-Selling Opportunity
22356,20724,0.01398367775497542,0.3403019744483159,6.909251231216631,23610.190000000002,0.03287886832105883,Strong Bundle Candidate,Cross-Selling Opportunity
82494L,82482,0.01608361571135398,0.302785265049416,6.699323821098641,44406.58,0.03262491545761583,Strong Bundle Candidate,Cross-Selling Opportunity
21790,21791,0.01312461222736601,0.27472527472527475,7.736987474890702,24975.87,0.02789696714723302,Strong Bundle Candidate,Cross-Selling Opportunity
22112,22114,0.01345869326588078,0.30387931034482757,6.2669125882432795,58206.65000000001,0.02563053458867396,Strong Bundle Candidate,Test Bundle Offer
21733,85123A,0.021572089915525224,0.42401500938086306,2.7078288605782457,186548.4,0.024768212477133355,Strong Bundle Candidate,Test Bundle Offer
22379,22381,0.01064286736982771,0.2632821723730815,8.60616436463834,32281.5,0.02411513730195951,Strong Bundle Candidate,Cross-Selling Opportunity
20724,22356,0.013220063952655944,0.26841085271317827,6.531954235655313,23610.190000000002,0.0231780428357929,Strong Bundle Candidate,Cross-Selling Opportunity
22469,22470,0.01417458120555529,0.2897560975609756,5.55976145805414,44667.47,0.02283489288819449,Strong Bundle Candidate,Cross-Selling Opportunity
21210,21212,0.013363241540590846,0.38461538461538464,4.349080493171157,45282.52,0.02235300504219928,Strong Bundle Candidate,Test Bundle Offer
21928,21929,0.01011788288073307,0.280794701986755,7.6014100655406684,53000.53,0.021595970166320515,Strong Bundle Candidate,Test Bundle Offer
21754,21755,0.01594043812341908,0.25093914350112695,4.819365603830534,53771.8,0.01927784743310765,Strong Bundle Candidate,Test Bundle Offer
82482,82494L,0.012695079463561304,0.2808870116156283,5.287893579858275,44406.58,0.018856009466576153,Strong Bundle Candidate,Cross-Selling Opportunity
22382,22383,0.013410967403235814,0.27414634146341466,4.999293553248849,37636.8,0.018380240946139964,Strong Bundle Candidate,Cross-Selling Opportunity
22386,85099B,0.016274519161933853,0.32139491046182844,3.425324292424563,123624.70000000001,0.017916321855814574,Strong Bundle Candidate,Test Bundle Offer
21977,84991,0.01508137259580967,0.2735930735930736,4.290865023200353,34338.71,0.01770479168721645,Strong Bundle Candidate,Cross-Selling Opportunity
22197,22198,0.010356512193957905,0.21830985915492956,7.674910199451744,41263.79,0.017352424881075846,Strong Bundle Candidate,Cross-Selling Opportunity
84991,21212,0.01827900539302248,0.2866766467065868,3.241627511302274,49853.75,0.016986659692787596,Strong Bundle Candidate,Test Bundle Offer
21931,85099B,0.017133584689543263,0.3044953350296862,3.2452140157055007,120470.04000000001,0.016930595041041635,Strong Bundle Candidate,Test Bundle Offer
21975,21977,0.010165608743378036,0.29831932773109243,5.411848375713921,25415.05,0.01641195821338466,Strong Bundle Candidate,Cross-Selling Opportunity
84991,84992,0.013888226029685487,0.21781437125748504,5.239798531524781,29058.829999999998,0.015850679902355246,Strong Bundle Candidate,Cross-Selling Opportunity
21212,21977,0.018899441607407055,0.21370750134916353,3.876894611055431,47889.659999999996,0.015658592959852363,Strong Bundle Candidate,Test Bundle Offer
22355,20724,0.011024674270987448,0.26072234762979685,5.293522625859626,31115.68,0.015215590048333236,Strong Bundle Candidate,Cross-Selling Opportunity
22383,22384,0.012838257051496205,0.23411662315056572,4.734986105090544,38387.34,0.014231708089120712,Strong Bundle Candidate,Cross-Selling Opportunity
20724,22355,0.011311029446857253,0.22965116279069767,5.431016720037797,31115.68,0.01410756050491572,Strong Bundle Candidate,Cross-Selling Opportunity
20726,20728,0.010833770820407578,0.2412327311370882,5.354395567283272,41596.11,0.013993499300648221,Strong Bundle Candidate,Cross-Selling Opportunity
21975,84991,0.010070157018088102,0.29551820728291317,4.63472529730455,27379.14,0.013792547370010583,Strong Bundle Candidate,Cross-Selling Opportunity
20725,20726,0.014747291557294899,0.20077972709551656,4.470709481224611,56738.94,0.013237579312516455,Strong Bundle Candidate,Test Bundle Offer
22470,22469,0.011931465661241827,0.22893772893772893,4.67993388725096,44667.47,0.012783532617357329,Strong Bundle Candidate,Cross-Selling Opportunity
21212,84991,0.018517634706247316,0.20939017808958446,3.283946408316664,49853.75,0.012733209365262352,Strong Bundle Candidate,Test Bundle Offer
21175,21181,0.010213334606023004,0.2431818181818182,5.034969008264463,42845.700000000004,0.012505338826642277,Strong Bundle Candidate,Cross-Selling Opportunity
22384,20725,0.013076886364721043,0.2644787644787645,3.600795030619593,53175.81,0.012453561156399336,Strong Bundle Candidate,Test Bundle Offer
20725,20727,0.015176824321099604,0.20662768031189083,3.8829325431166355,60075.92,0.012176690089866547,Strong Bundle Candidate,Test Bundle Offer
22382,22384,0.011263303584212285,0.2302439024390244,4.656660702514361,33323.1,0.012076150664134009,Strong Bundle Candidate,Cross-Selling Opportunity
21977,21212,0.014795017419939865,0.2683982683982684,3.034942751078747,47889.659999999996,0.012051627333269598,Strong Bundle Candidate,Test Bundle Offer
20726,20727,0.010833770820407578,0.2412327311370882,4.533228175350143,44536.880000000005,0.011847411067095893,Strong Bundle Candidate,Cross-Selling Opportunity
85099F,85099B,0.01398367775497542,0.28173076923076923,3.002596545113076,124863.47,0.011829126304724697,Strong Bundle Candidate,Test Bundle Offer
20728,22384,0.010547415644537775,0.2341101694915254,4.734855580459394,38032.979999999996,0.011691576537178104,Strong Bundle Candidate,Cross-Selling Opportunity
20727,22384,0.011645110485372022,0.21883408071748878,4.425898159530447,40973.75,0.011278724509233869,Strong Bundle Candidate,Cross-Selling Opportunity
22111,22112,0.010356512193957905,0.21830985915492956,4.929144912578922,55299.21000000001,0.011144445290001298,Strong Bundle Candidate,Test Bundle Offer
21931,85099F,0.012026917386531761,0.21374045801526717,4.306253669994128,67380.85,0.011069822898970383,Strong Bundle Candidate,Test Bundle Offer
20713,85099B,0.010261060468667971,0.31478770131771594,3.3549067679095126,107308.16,0.0108365355206977,Strong Bundle Candidate,Test Bundle Offer
85099C,85099F,0.010356512193957905,0.22604166666666667,4.554087540064103,67942.95999999999,0.010661133855836004,Strong Bundle Candidate,Test Bundle Offer
21977,84992,0.011024674270987448,0.2,4.811251435132032,27094.739999999998,0.01060849598163031,Strong Bundle Candidate,Cross-Selling Opportunity
20724,20725,0.012360998425046532,0.250968992248062,3.416863739164161,49923.83,0.010599888033224187,Strong Bundle Candidate,Test Bundle Offer
20727,22383,0.011740562210661958,0.22062780269058296,4.0233371190389775,45287.45,0.0104216277813215,Strong Bundle Candidate,Test Bundle Offer
84991,21977,0.013220063952655944,0.20733532934131738,3.761296238691448,34338.71,0.010309661511412202,Strong Bundle Candidate,Cross-Selling Opportunity
21080,21212,0.01417458120555529,0.25212224108658743,2.85089979357111,46403.06,0.010188338079765475,Strong Bundle Candidate,Test Bundle Offer
21755,21754,0.011979191523886793,0.23006416131989002,3.6217388220403124,53771.8,0.00998144936084141,Strong Bundle Candidate,Test Bundle Offer
20726,22383,0.01030878633131294,0.22954303931987247,4.185914101713914,41950.47,0.009905171009960119,Strong Bundle Candidate,Cross-Selling Opportunity
20727,20728,0.010786044957762612,0.20269058295964126,4.498915026221783,44933.09,0.009835661829488711,Strong Bundle Candidate,Cross-Selling Opportunity
20727,20725,0.012551901875626402,0.2358744394618834,3.211356159873193,60075.92,0.009507774894966457,Strong Bundle Candidate,Test Bundle Offer
22383,20725,0.012551901875626402,0.2288946910356832,3.1163290846463094,57489.509999999995,0.008953411975748142,Strong Bundle Candidate,Test Bundle Offer
21931,22386,0.011263303584212285,0.2001696352841391,3.9530201395933715,66142.08,0.008912366033920193,Strong Bundle Candidate,Test Bundle Offer
22386,85099F,0.010356512193957905,0.20452403393025448,4.120569310519829,70535.51000000001,0.008728007171882253,Strong Bundle Candidate,Test Bundle Offer
84992,21212,0.010929222545697514,0.2629161882893226,2.972953531152821,42609.78,0.00854269139384259,Strong Bundle Candidate,Cross-Selling Opportunity
22411,85099B,0.012551901875626402,0.24881740775780511,2.6518164520596597,118548.58,0.00828197198986345,Strong Bundle Candidate,Test Bundle Offer
22379,85099B,0.010786044957762612,0.2668240850059032,2.843725866291297,108731.5,0.008184176433706851,Strong Bundle Candidate,Test Bundle Offer
21929,85099B,0.010070157018088102,0.27260981912144705,2.90538837235589,116098.09,0.007975940968759575,Strong Bundle Candidate,Test Bundle Offer
20728,20725,0.010547415644537775,0.2341101694915254,3.1873361802182796,57135.149999999994,0.007870353016579934,Strong Bundle Candidate,Test Bundle Offer
20726,20725,0.010213334606023004,0.22741764080765142,3.096219511268824,56738.94,0.007191565716056429,Strong Bundle Candidate,Test Bundle Offer
20724,21212,0.011358755309502219,0.23062015503875968,2.6077626057890617,45487.19,0.006831185162765337,Strong Bundle Candidate,Test Bundle Offer
22382,20725,0.01030878633131294,0.21073170731707316,2.869045785194694,52425.27,0.0062326810482482235,Strong Bundle Candidate,Test Bundle Offer
85099C,85099B,0.010356512193957905,0.22604166666666667,2.409079878772465,121032.15,0.005639663891184865,Strong Bundle Candidate,Test Bundle Offer
84970S,85123A,0.010595141507182743,0.2444933920704846,1.5613745943471087,172712.79,0.004044650462079012,Consider for Cross-Selling,Monitor
