Stock_Code,Average_Elasticity,Average_Price,Total_Quantity,Total_Revenue,Number_of_Months,Elasticity_Type,Pricing_Strategy,Priority
M,-0.2436697000783134,436.8434030861365,2623,207975.16,11,Inelastic,Test Moderate Price Increase,Medium
DOT,0.2165206930561234,172.39684933346575,681,97834.13,12,Positive / Unusual,Review Further,Review
85123A,0.2138451222341268,3.0204713214174443,17335,46817.52,4,Positive / Unusual,Review Further,Review
POST,-0.3176675696193346,26.362857679059623,2185,46552.59,12,Inelastic,Test Moderate Price Increase,Medium
85099B,-1.0778259564705688,2.232253739189296,22749,40752.62,7,Elastic,Protect Price / Targeted Discount,High
47566,-2.464348638754096,5.908978048907465,5946,29499.25,8,Elastic,Protect Price / Targeted Discount,High
85099F,4.091469757630323,2.227201333105823,13135,23980.6,8,Positive / Unusual,Review Further,Review
20725,2.568798211012508,2.0755029043917723,13470,22998.81,8,Positive / Unusual,Review Further,Review
21212,0.3902190109505554,0.6725639470236509,41557,22030.43,9,Positive / Unusual,Review Further,Review
21931,0.3887104832318576,2.3277396348750745,10727,20630.64,9,Positive / Unusual,Review Further,Review
21929,-0.9739923907951678,2.3364681812956807,10996,20088.46,9,Inelastic,Test Moderate Price Increase,Medium
22386,1.3309317504807134,2.2898844883386245,10774,20007.9,7,Positive / Unusual,Review Further,Review
21843,-0.1828413836211752,11.558096552129518,1791,18657.63,6,Inelastic,Test Moderate Price Increase,Medium
84879,-0.8893543400040288,2.2609682229833554,11268,18641.32,5,Inelastic,Test Moderate Price Increase,Medium
21137,1.9127291987808337,4.04728927772048,5393,18621.21,9,Positive / Unusual,Review Further,Review
20914,-0.9402934790412664,3.190787069757433,6593,18317.59,7,Inelastic,Test Moderate Price Increase,Medium
20685,-2.5766600381771814,8.148875188301625,2481,17614.0,6,Elastic,Protect Price / Targeted Discount,High
82494L,0.3377037820385445,3.161563628412766,6101,17257.36,8,Positive / Unusual,Review Further,Review
21754,-2.820667063488014,6.63038692016798,2782,16990.7,8,Elastic,Protect Price / Targeted Discount,High
21623,1.5453067828131049,10.297065034965032,2341,16974.22,5,Positive / Unusual,Review Further,Review
22469,-2.055436818495876,1.9260083330367133,9594,16549.12,7,Elastic,Protect Price / Targeted Discount,High
84991,0.0171218590737582,0.6512251644542912,31529,15693.19,11,Positive / Unusual,Review Further,Review
21755,1.6130637434081228,6.694258004502834,2545,15638.65,9,Positive / Unusual,Review Further,Review
22383,-1.3190898530880042,2.014617926536362,9347,15632.929999999998,8,Elastic,Protect Price / Targeted Discount,High
21621,1.5121850615599293,9.09745566674427,1754,15328.83,5,Positive / Unusual,Review Further,Review
37503,2.1598282210984485,11.558457026069922,1429,14708.55,5,Positive / Unusual,Review Further,Review
48194,-0.828853742896305,8.35010591688796,2147,14098.27,7,Inelastic,Test Moderate Price Increase,Medium
84406B,-0.0861772982979632,3.3939454482720817,4692,14086.78,11,Inelastic,Test Moderate Price Increase,Medium
21232,-3.8627237437911273,1.508068234841199,10865,13899.62,6,Elastic,Protect Price / Targeted Discount,High
22384,1.88027891098116,1.9078706576535065,8538,13892.64,9,Positive / Unusual,Review Further,Review
21928,-2.905887279920896,2.323260405412358,7398,13794.46,6,Elastic,Protect Price / Targeted Discount,High
22411,0.0031111168672506,2.1924532970236923,6613,13786.99,5,Positive / Unusual,Review Further,Review
84946,-3.5857795709020217,1.569495658029617,10219,13627.77,9,Elastic,Protect Price / Targeted Discount,High
21523,0.3932199117308781,8.690318325299739,1992,13548.69,8,Positive / Unusual,Review Further,Review
15056N,1.2662565270652824,6.799396539027884,2465,13517.47,5,Positive / Unusual,Review Further,Review
22326,-0.2802005991722682,3.335724333243361,4585,13411.79,8,Inelastic,Test Moderate Price Increase,Medium
21915,-0.5232031033912167,1.383982663797956,11724,13210.52,6,Inelastic,Test Moderate Price Increase,Medium
20711,0.4152812322103437,2.380488508957765,6659,13106.81,11,Positive / Unusual,Review Further,Review
21731,-4.183084376141796,2.085372169236606,7921,13080.99,6,Elastic,Protect Price / Targeted Discount,High
20724,0.2269132215562004,1.0726850128673993,13893,13051.79,12,Positive / Unusual,Review Further,Review
22379,-0.4044746485908632,2.7355287922286737,5918,12981.31,7,Inelastic,Test Moderate Price Increase,Medium
48138,-3.6149641885586816,7.864391269011959,1939,12821.05,5,Elastic,Protect Price / Targeted Discount,High
21977,-1.439738980040909,0.6966025928662165,24885,12551.67,10,Elastic,Protect Price / Targeted Discount,High
22090,0.0562747578802431,3.5766095241359945,4002,12507.93,6,Positive / Unusual,Review Further,Review
22470,-1.2992611675886132,3.2668385904143324,3892,12117.68,4,Elastic,Protect Price / Targeted Discount,High
82484,0.9937701639108394,7.143678029187871,2261,12032.33,4,Positive / Unusual,Review Further,Review
85099C,-0.5045271670202119,2.2581383655252187,6320,12009.09,5,Inelastic,Test Moderate Price Increase,Medium
22083,2.828830751597748,3.398578327228327,4148,11750.72,6,Positive / Unusual,Review Further,Review
82486,-3.2710158739384667,8.188911219709754,1530,11635.63,8,Elastic,Protect Price / Targeted Discount,High
22622,-0.928641552908951,11.325476753246752,1193,11607.84,5,Inelastic,Test Moderate Price Increase,Medium
84078A,-0.8798626641160012,51.82271447040354,286,11543.5,7,Inelastic,Test Moderate Price Increase,Medium
20727,1.9356737611502068,1.909762281082043,6944,11509.16,7,Positive / Unusual,Review Further,Review
21210,-1.0764170058121174,1.7720936126416809,8002,11494.4,11,Elastic,Protect Price / Targeted Discount,High
84755,0.8083025018447519,0.8607965863773198,18405,11314.66,8,Positive / Unusual,Review Further,Review
37449,2.2429003989266625,11.194460570151817,1226,11279.48,7,Positive / Unusual,Review Further,Review
22328,0.0533425171003211,3.1725003972178047,4152,11177.440000000002,6,Positive / Unusual,Review Further,Review
22355,0.3932659927029405,1.1113240370008877,9265,11116.64,8,Positive / Unusual,Review Further,Review
21733,-3.534384147697724,3.0742161962057266,3979,11108.240000000002,5,Elastic,Protect Price / Targeted Discount,High
84970S,-1.1162063423388011,1.078678631390908,13751,11057.05,10,Elastic,Protect Price / Targeted Discount,High
21231,0.7745930294424191,1.462129531242455,8953,11047.43,8,Positive / Unusual,Review Further,Review
21213,-0.4355259608665663,0.7043688829228201,20930,11046.02,10,Inelastic,Test Moderate Price Increase,Medium
48185,0.5825539371994733,8.61620216999635,1662,11039.3,6,Positive / Unusual,Review Further,Review
84836,-1.4266945472331902,1.4044323647658856,8895,10871.25,9,Elastic,Protect Price / Targeted Discount,High
15056BL,-5.56843500353923,6.18893897515528,2224,10663.71,5,Elastic,Protect Price / Targeted Discount,High
22139,-2.510777006719253,5.952932103763683,2074,10643.31,5,Elastic,Protect Price / Targeted Discount,High
21181,0.2633523144982095,2.691671663587957,5137,10589.64,6,Positive / Unusual,Review Further,Review
22189,1.7687730965293351,4.295844078823541,3355,10586.99,5,Positive / Unusual,Review Further,Review
22492,-0.4186833595815529,0.7644155348023006,16256,10389.93,7,Inelastic,Test Moderate Price Increase,Medium
71459,-1.2128633293225042,1.2671871876484455,12636,10317.16,7,Elastic,Protect Price / Targeted Discount,High
84997D,1.0292906868732452,3.9720343493089865,2800,10283.82,6,Positive / Unusual,Review Further,Review
72741,-2.2347429638285434,1.778110754533687,7380,10198.69,7,Elastic,Protect Price / Targeted Discount,High
22382,-0.5144857239956775,1.8247093893638475,6156,10182.76,7,Inelastic,Test Moderate Price Increase,Medium
35004C,-0.5139530754082974,7.655712081728593,1956,10137.64,10,Inelastic,Test Moderate Price Increase,Medium
21527,1.5272957401118723,8.572612844696282,1349,10134.68,7,Positive / Unusual,Review Further,Review
82482,-2.177422321522481,2.690013094556439,4246,10074.34,6,Elastic,Protect Price / Targeted Discount,High
84997B,2.2756236338052886,3.966655499151389,2743,10009.59,6,Positive / Unusual,Review Further,Review
71477,-0.6533874969292206,3.765853427953633,3437,9991.63,7,Inelastic,Test Moderate Price Increase,Medium
22077,0.8831122361665321,1.9052036049855323,5452,9940.7,7,Positive / Unusual,Review Further,Review
84997C,4.615613105011109,3.895863284492709,2697,9841.14,7,Positive / Unusual,Review Further,Review
22188,-1.7170199592451605,4.385659571909572,3431,9838.39,6,Elastic,Protect Price / Targeted Discount,High
22178,-5.540329800159229,1.523622659723691,7533,9563.99,8,Elastic,Protect Price / Targeted Discount,High
21535,-0.2485710527792864,2.8340652344669066,3775,9461.08,11,Inelastic,Test Moderate Price Increase,Medium
21533,-0.296495661829675,5.4453263409675605,1870,9296.93,12,Inelastic,Test Moderate Price Increase,Medium
21955,-4.687305974399069,8.434337925564686,1618,9285.56,6,Elastic,Protect Price / Targeted Discount,High
84978,3.419648153854252,1.5135686994084183,7003,9159.63,9,Positive / Unusual,Review Further,Review
20726,2.870719922472233,2.0427234118244297,5264,9131.58,6,Positive / Unusual,Review Further,Review
21218,0.0730494499406308,4.910395252241615,2377,9107.54,11,Positive / Unusual,Review Further,Review
48187,-2.4502161368468944,8.933410475211462,1388,9074.29,6,Elastic,Protect Price / Targeted Discount,High
22197,-2.8454933111620555,1.0118134943380843,11117,9031.42,6,Elastic,Protect Price / Targeted Discount,High
85014B,0.187336568215351,6.865353114549786,1770,9023.72,9,Positive / Unusual,Review Further,Review
22087,3.934992058073753,3.5718222244484514,2825,8931.490000000002,7,Positive / Unusual,Review Further,Review
22356,-1.5266229024440925,1.0833490883555086,9288,8729.43,11,Elastic,Protect Price / Targeted Discount,High
21930,2.735453979589563,2.187840593768372,4551,8678.69,9,Positive / Unusual,Review Further,Review
84050,-0.9298594455020852,2.176229926867052,5912,8650.49,11,Inelastic,Test Moderate Price Increase,Medium
21175,2.627299442502478,2.370898844866111,4180,8593.02,8,Positive / Unusual,Review Further,Review
22114,-1.8261447079418505,4.876679048712805,1802,8475.96,7,Elastic,Protect Price / Targeted Discount,High
21174,-0.4937834787463063,2.323295569747358,4678,8465.619999999999,11,Inelastic,Test Moderate Price Increase,Medium
84970L,-2.4377265820171226,1.2002764461412876,8921,8369.550000000001,10,Elastic,Protect Price / Targeted Discount,High
84029E,-3.488226964397801,3.988232119514473,2274,8323.02,5,Elastic,Protect Price / Targeted Discount,High
85152,-0.1112466372606488,2.338870655680926,4237,8203.45,7,Inelastic,Test Moderate Price Increase,Medium
20679,-3.4620115745696096,6.702023961423471,1433,8168.370000000001,9,Elastic,Protect Price / Targeted Discount,High
20728,-2.0580276521610728,1.8293453804483213,4995,8127.97,6,Elastic,Protect Price / Targeted Discount,High
84945,-1.126316939972152,2.321854233807783,9827,8044.07,9,Elastic,Protect Price / Targeted Discount,High
21136,0.4648252978809506,2.3565905799280413,4814,7997.94,10,Positive / Unusual,Review Further,Review
22130,-0.4200293584588039,1.712824545574439,6870,7838.339999999999,7,Inelastic,Test Moderate Price Increase,Medium
21975,-0.6862145257356075,0.6409828010154844,16207,7823.26,11,Inelastic,Test Moderate Price Increase,Medium
20971,-0.035031650069202,1.381509541396768,5269,7767.77,6,Inelastic,Test Moderate Price Increase,Medium
21217,-4.355704345252564,11.417105898272064,754,7750.34,7,Elastic,Protect Price / Targeted Discount,High
47566B,-1.1324659105253507,5.091315513897866,1838,7743.94,5,Elastic,Protect Price / Targeted Discount,High
48111,-0.8167866529813343,8.658975667893209,1131,7741.63,7,Inelastic,Test Moderate Price Increase,Medium
22607,-1.0187530707926151,10.343662760416668,866,7582.21,4,Elastic,Protect Price / Targeted Discount,High
20750,-3.463221675672171,8.3017073609423,1010,7506.49,7,Elastic,Protect Price / Targeted Discount,High
21524,-1.095119233998621,8.80517192547779,1087,7501.74,5,Elastic,Protect Price / Targeted Discount,High
22061,2.4514465483908525,11.248399142316371,768,7475.6,8,Positive / Unusual,Review Further,Review
21877,-1.650372246819537,1.4153755379048294,7199,7442.77,10,Elastic,Protect Price / Targeted Discount,High
22294,-0.9842575283451512,1.48739474255212,5961,7383.150000000001,7,Inelastic,Test Moderate Price Increase,Medium
22444,-1.7843392689564914,1.5936716201339889,5261,7358.889999999999,5,Elastic,Protect Price / Targeted Discount,High
20713,-0.2510711049657906,2.54609600634425,3774,7338.34,7,Inelastic,Test Moderate Price Increase,Medium
47590B,0.4273775355448105,5.723509123551141,1368,7174.47,7,Positive / Unusual,Review Further,Review
85150,-1.1287756176693131,2.9748699196185977,2797,7057.78,9,Elastic,Protect Price / Targeted Discount,High
37370,-0.5769540738300253,5.535966519745589,4551,7057.41,12,Inelastic,Test Moderate Price Increase,Medium
21844,-3.070110873941411,3.286615382901698,2468,7043.0,10,Elastic,Protect Price / Targeted Discount,High
21166,1.15008991093841,2.486809523809524,3976,7014.64,5,Positive / Unusual,Review Further,Review
21258,-2.2240204144276983,17.79226632749059,454,7013.24,8,Elastic,Protect Price / Targeted Discount,High
22499,1.286555459906635,6.5553471354976445,1142,6948.81,8,Positive / Unusual,Review Further,Review
22569,0.1363354432658297,4.190417226673278,1951,6902.93,7,Positive / Unusual,Review Further,Review
84992,0.9412812921755818,0.6800985255299393,13612,6860.6,8,Positive / Unusual,Review Further,Review
82483,-2.5694903002776104,6.166377184174983,1224,6841.51,7,Elastic,Protect Price / Targeted Discount,High
21314,-0.6184315156433695,2.734163983371126,3136,6608.2300000000005,6,Inelastic,Test Moderate Price Increase,Medium
21485,0.8994441424868385,5.645981811292157,1308,6505.58,7,Positive / Unusual,Review Further,Review
22624,-2.9666370822225354,9.340520261550628,759,6487.51,5,Elastic,Protect Price / Targeted Discount,High
47590A,-1.1742935073911245,5.334538525498892,1343,6461.200000000001,4,Elastic,Protect Price / Targeted Discount,High
22084,-1.4508266635354283,3.51610434010434,2271,6459.620000000001,9,Elastic,Protect Price / Targeted Discount,High
21481,-2.980765244550671,3.5755769059011167,2000,6410.9800000000005,5,Elastic,Protect Price / Targeted Discount,High
21791,-0.7913564903206484,1.483988957525174,4712,6371.16,6,Inelastic,Test Moderate Price Increase,Medium
22352,-0.7641125193495731,3.0441921315235856,2485,6334.14,9,Inelastic,Test Moderate Price Increase,Medium
22654,-1.964584779462144,7.514932932776036,929,6303.49,4,Elastic,Protect Price / Targeted Discount,High
84987,-1.1717996248180336,1.7518082331860545,4331,6300.28,11,Elastic,Protect Price / Targeted Discount,High
85232B,1.425373685994902,5.652531756068521,1267,6291.2300000000005,8,Positive / Unusual,Review Further,Review
48184,1.274877529810557,8.714675801138066,1040,6280.38,6,Positive / Unusual,Review Further,Review
20972,-2.3917069157515947,1.4216555881538846,5095,6253.99,8,Elastic,Protect Price / Targeted Discount,High
15036,-3.561509551769716,0.9394295434098066,8502,6242.76,6,Elastic,Protect Price / Targeted Discount,High
21672,0.5320905676975138,1.5019997003139418,4958,6234.19,11,Positive / Unusual,Review Further,Review
22297,-0.3049968502625706,1.610723082808336,4851,6230.55,7,Inelastic,Test Moderate Price Increase,Medium
82583,-0.3224529970154384,2.558281943581421,3064,6219.240000000001,9,Inelastic,Test Moderate Price Increase,Medium
22301,-1.392683345908524,3.146840594316432,2450,6202.58,11,Elastic,Protect Price / Targeted Discount,High
72760B,-1.7304672926232467,11.2062918627451,648,6127.04,5,Elastic,Protect Price / Targeted Discount,High
21080,-1.918963170528169,0.9896370889910496,7641,6110.25,5,Elastic,Protect Price / Targeted Discount,High
21539,-1.4483740325360457,5.819883073456418,1227,6057.1900000000005,9,Elastic,Protect Price / Targeted Discount,High
22501,-1.6459777423020288,14.548402568922304,491,6040.889999999999,4,Elastic,Protect Price / Targeted Discount,High
21156,2.36274667198759,2.079814804986031,3254,6011.76,8,Positive / Unusual,Review Further,Review
84077,0.0325814073154028,0.2662020982365315,27795,6002.869999999999,5,Positive / Unusual,Review Further,Review
21704,1.365750884008552,0.9928038473248832,7790,5978.15,7,Positive / Unusual,Review Further,Review
21622,1.325864358307156,5.713547955939886,1160,5976.36,8,Positive / Unusual,Review Further,Review
22381,3.683187414956981,2.565071050059166,2824,5971.49,5,Positive / Unusual,Review Further,Review
22147,-0.3927921033387352,1.6092973222359643,4159,5954.26,8,Inelastic,Test Moderate Price Increase,Medium
21390,-0.4431729284080597,1.4327991484526903,4723,5903.21,9,Inelastic,Test Moderate Price Increase,Medium
48116,-0.3565571785641566,8.983095478353734,914,5889.3,8,Inelastic,Test Moderate Price Increase,Medium
84947,1.6278884921444856,1.4412089310400766,4929,5857.89,10,Positive / Unusual,Review Further,Review
48173C,-0.1576928225780793,8.065766663485961,978,5802.64,6,Inelastic,Test Moderate Price Increase,Medium
22625,-0.5777755463486834,10.265937926229023,627,5724.3,5,Inelastic,Test Moderate Price Increase,Medium
22464,0.4999464446769106,1.9710757225203288,3450,5718.6900000000005,8,Positive / Unusual,Review Further,Review
20719,-0.2692207474305595,1.0956571670227226,5811,5680.889999999999,7,Inelastic,Test Moderate Price Increase,Medium
20712,1.6100413822905997,2.834154578143314,2604,5677.91,7,Positive / Unusual,Review Further,Review
20676,-2.507913461877537,1.4732882655810515,4634,5631.12,10,Elastic,Protect Price / Targeted Discount,High
85066,2.247174827059454,14.075117078410312,447,5607.89,5,Positive / Unusual,Review Further,Review
47556B,1.8274048555145848,3.208040125022847,1925,5600.59,8,Positive / Unusual,Review Further,Review
79321,-1.550860738967125,5.734790223665224,1164,5571.6,6,Elastic,Protect Price / Targeted Discount,High
22366,-1.39735602949609,8.779286492786492,847,5399.490000000001,6,Elastic,Protect Price / Targeted Discount,High
85065,-0.0541913089938358,13.292308470764617,450,5385.12,8,Inelastic,Test Moderate Price Increase,Medium
22295,-2.665696354775561,1.7725864643446811,3254,5351.860000000001,5,Elastic,Protect Price / Targeted Discount,High
21935,1.2978267977146232,2.344235833995296,2854,5314.46,10,Positive / Unusual,Review Further,Review
22558,1.0590959583705717,1.468260875966139,4307,5299.7,5,Positive / Unusual,Review Further,Review
84880,-0.9824704671418047,6.403563534107091,927,5262.25,8,Inelastic,Test Moderate Price Increase,Medium
22385,-1.6205418420817892,2.244329523519694,2856,5235.4,4,Elastic,Protect Price / Targeted Discount,High
22424,-2.886846224314088,14.882462435274936,383,5228.349999999999,6,Elastic,Protect Price / Targeted Discount,High
21781,1.874540973188349,16.316831689420635,339,5219.91,9,Positive / Unusual,Review Further,Review
21868,-0.7107056872235219,1.6170938283656362,4417,5213.92,8,Inelastic,Test Moderate Price Increase,Medium
22698,-1.988621264429412,3.4814268018018018,1778,5206.6900000000005,4,Elastic,Protect Price / Targeted Discount,High
82600,0.2178043992903965,2.35749985988676,2665,5205.68,6,Positive / Unusual,Review Further,Review
22088,0.1406679405026101,3.5317977053354124,1728,5199.8,9,Positive / Unusual,Review Further,Review
20749,-0.0099367172200887,8.242112220109023,692,5141.44,7,Inelastic,Test Moderate Price Increase,Medium
47591D,-0.3584212131218005,2.1304964480620043,2756,5126.16,6,Inelastic,Test Moderate Price Increase,Medium
21108,-0.213732229844351,3.493939888408805,1860,5116.08,10,Inelastic,Test Moderate Price Increase,Medium
22064,-0.4242184539952446,2.1441381573055653,3129,5096.99,9,Inelastic,Test Moderate Price Increase,Medium
22300,-1.8527043410248805,2.937425468409586,2036,5087.1900000000005,10,Elastic,Protect Price / Targeted Discount,High
22169,-1.0155347325402615,9.718213378075028,588,5046.64,6,Elastic,Protect Price / Targeted Discount,High
21169,-1.947376065185645,1.990514297178232,3177,5041.89,8,Elastic,Protect Price / Targeted Discount,High
21114,-0.263465526111386,1.8800169019302084,3943,5040.55,11,Inelastic,Test Moderate Price Increase,Medium
22296,-1.8934613222710657,1.81958054893682,3135,5033.01,5,Elastic,Protect Price / Targeted Discount,High
22487,-0.2385002072274268,11.464611470927707,496,5014.929999999999,6,Inelastic,Test Moderate Price Increase,Medium
21172,0.3466290421771598,1.7580061942332752,3475,5006.51,10,Positive / Unusual,Review Further,Review
22502,0.4370432095965965,5.798673403756776,975,4970.97,4,Positive / Unusual,Review Further,Review
71053,-0.6980355304597096,4.244144527986633,1310,4965.7,6,Inelastic,Test Moderate Price Increase,Medium
21165,-2.488105704046202,2.1306776706721777,3191,4950.44,8,Elastic,Protect Price / Targeted Discount,High
20718,-0.3768854373070551,1.5656331418920304,3756,4941.73,6,Inelastic,Test Moderate Price Increase,Medium
22180,3.1161670281836136,10.941439866805307,481,4929.33,10,Positive / Unusual,Review Further,Review
48189,-0.6431543018849615,9.311688189910422,773,4924.37,8,Inelastic,Test Moderate Price Increase,Medium
21790,0.7372632170867549,1.0101890503676216,5385,4890.74,6,Positive / Unusual,Review Further,Review
22149,-2.6670402668356488,2.334821122686112,2268,4861.070000000001,6,Elastic,Protect Price / Targeted Discount,High
22417,0.6019030138737141,0.6832731824803627,9387,4858.91,9,Positive / Unusual,Review Further,Review
21936,1.137669504061375,3.7922047777408254,1647,4846.73,6,Positive / Unusual,Review Further,Review
22170,-1.4659061823648745,7.221727141116484,731,4803.71,7,Elastic,Protect Price / Targeted Discount,High
22456,-2.680862673054268,6.279547718985496,1040,4736.900000000001,5,Elastic,Protect Price / Targeted Discount,High
22646,-4.704949238229439,1.797464035964036,3208,4706.01,5,Elastic,Protect Price / Targeted Discount,High
21164,0.2181521336172243,3.360320464352541,1739,4687.570000000001,5,Positive / Unusual,Review Further,Review
22507,-0.3520004379908558,5.893562119309262,999,4677.72,5,Inelastic,Test Moderate Price Increase,Medium
48129,0.3153690720513643,8.21801715501696,651,4622.25,7,Positive / Unusual,Review Further,Review
21673,1.8815657442016327,1.6117848553160206,3594,4612.2,9,Positive / Unusual,Review Further,Review
21186,-0.8556811264063425,1.9987826603792125,2852,4582.59,6,Inelastic,Test Moderate Price Increase,Medium
22505,-1.6463513486069967,5.593204024943311,966,4577.009999999999,4,Elastic,Protect Price / Targeted Discount,High
21380,-0.9702885023646202,3.439136369658429,1583,4557.9800000000005,6,Inelastic,Test Moderate Price Increase,Medium
84378,-1.763035619828968,1.5767775463376503,3495,4547.76,8,Elastic,Protect Price / Targeted Discount,High
20723,0.7379131579318019,1.1265206701242454,4689,4543.19,7,Positive / Unusual,Review Further,Review
21429,2.10892519010467,2.0915475583965035,2582,4540.56,7,Positive / Unusual,Review Further,Review
22508,0.5672649416426734,4.274277194896994,1155,4538.88,9,Positive / Unusual,Review Further,Review
22073,0.5568889766410883,4.522222622893346,1132,4525.6,9,Positive / Unusual,Review Further,Review
22367,0.693819973192258,2.166162148206168,2293,4499.14,7,Positive / Unusual,Review Further,Review
21411,0.2570679382056291,4.890234721418932,1074,4498.6,11,Positive / Unusual,Review Further,Review
22283,-2.982216011790864,9.196409530551382,589,4479.59,11,Elastic,Protect Price / Targeted Discount,High
22179,-0.4115892076428183,8.003567595598845,631,4453.81,8,Inelastic,Test Moderate Price Increase,Medium
22353,-2.4634149583033613,3.596951101245934,1620,4446.17,7,Elastic,Protect Price / Targeted Discount,High
22623,0.3201205142958327,5.456576555023924,800,4437.4400000000005,5,Positive / Unusual,Review Further,Review
22072,-0.4313187660482848,4.492919777745125,1109,4428.89,9,Inelastic,Test Moderate Price Increase,Medium
22348,-3.106441158352796,1.0752989680506877,5291,4416.56,9,Elastic,Protect Price / Targeted Discount,High
21361,2.1869012782243056,14.22084168368261,338,4409.22,8,Positive / Unusual,Review Further,Review
22413,0.1098116873761935,3.4371782115628897,1667,4409.09,6,Positive / Unusual,Review Further,Review
22561,-2.570971754457561,1.711350025705289,2468,4377.360000000001,4,Elastic,Protect Price / Targeted Discount,High
22554,2.1508323388920045,1.8424341290893007,2684,4371.12,5,Positive / Unusual,Review Further,Review
35970,3.412131891505529,2.4155091575091574,2522,4349.66,6,Positive / Unusual,Review Further,Review
22560,-0.5528626131786071,1.3692526589614478,3339,4347.04,6,Inelastic,Test Moderate Price Increase,Medium
21912,-0.5146285073444453,4.371067221346478,1129,4344.88,9,Inelastic,Test Moderate Price Increase,Medium
22606,-0.8189960915798498,16.78381157981264,287,4329.89,7,Inelastic,Test Moderate Price Increase,Medium
21976,-2.9038401827687177,0.7310476292366086,8181,4327.5,11,Elastic,Protect Price / Targeted Discount,High
35961,-2.179397977696076,1.2244401725944776,5155,4323.650000000001,9,Elastic,Protect Price / Targeted Discount,High
22063,0.6687091963826365,3.489505802659673,1481,4312.95,11,Positive / Unusual,Review Further,Review
22151,-1.4828217231517362,0.4919726178682894,9974,4293.58,9,Elastic,Protect Price / Targeted Discount,High
22082,-1.9441431582631807,1.8750824938291504,2545,4265.639999999999,7,Elastic,Protect Price / Targeted Discount,High
21658,-2.212528693982174,5.143147287650633,1032,4261.76,9,Elastic,Protect Price / Targeted Discount,High
47570B,0.3829579527359792,12.127722342472342,403,4249.21,7,Positive / Unusual,Review Further,Review
21974,-1.4938960376506771,1.8452692798154784,2835,4243.629999999999,7,Elastic,Protect Price / Targeted Discount,High
21559,-2.161951664100859,3.014252594556752,1757,4241.55,6,Elastic,Protect Price / Targeted Discount,High
21937,-0.0252121776774616,3.820391675142336,1364,4238.28,8,Inelastic,Test Moderate Price Increase,Medium
22584,1.0265789859182386,2.8713610617967142,1688,4238.25,6,Positive / Unusual,Review Further,Review
21385,-0.6599445695695763,1.0261951243486542,4891,4233.93,9,Inelastic,Test Moderate Price Increase,Medium
22358,-0.1622916395322911,3.820541578728078,1380,4211.0,10,Inelastic,Test Moderate Price Increase,Medium
22619,3.485457618588178,4.343015660809779,1111,4209.45,6,Positive / Unusual,Review Further,Review
22365,-4.769965223324537,8.622138694638696,675,4134.11,5,Elastic,Protect Price / Targeted Discount,High
22645,-0.486188011985334,1.865210622748328,2366,4126.3,5,Inelastic,Test Moderate Price Increase,Medium
22275,-1.6943559781583588,8.974101648351649,495,4122.22,6,Elastic,Protect Price / Targeted Discount,High
21700,-1.6250995762006832,2.7777969235657127,4020,4113.12,12,Elastic,Protect Price / Targeted Discount,High
21908,1.079425161075994,2.4625311838555546,1963,4068.940000000001,6,Positive / Unusual,Review Further,Review
35400,-2.301514857849328,11.29822072072072,391,4031.64,4,Elastic,Protect Price / Targeted Discount,High
21216,-1.237419370014473,6.229767178747202,777,3992.39,6,Elastic,Protect Price / Targeted Discount,High
22218,0.2585069546020009,5.3139587415372365,910,3978.92,9,Positive / Unusual,Review Further,Review
84792,1.645062655105454,5.060543071511821,944,3970.4,8,Positive / Unusual,Review Further,Review
22207,-1.359012838957257,5.33944300797242,940,3947.1,7,Elastic,Protect Price / Targeted Discount,High
21243,-1.7025999509772158,1.8820834225317693,2405,3942.35,10,Elastic,Protect Price / Targeted Discount,High
79067,0.5165709572028212,4.855537351781803,967,3932.01,10,Positive / Unusual,Review Further,Review
22080,1.1264088300713315,1.9273887042297173,2322,3919.96,11,Positive / Unusual,Review Further,Review
84988,-0.5789130708684846,2.0609539641892654,2542,3908.83,7,Inelastic,Test Moderate Price Increase,Medium
20970,0.2933642807985205,4.139135528287502,1026,3904.02,10,Positive / Unusual,Review Further,Review
85064,-3.233446947335073,6.207740919295758,856,3892.42,5,Elastic,Protect Price / Targeted Discount,High
21154,0.3291413103485042,1.6557364332421385,2906,3892.35,8,Positive / Unusual,Review Further,Review
22171,-2.088088094061708,9.658331212390197,516,3879.33,6,Elastic,Protect Price / Targeted Discount,High
17003,-3.2575528340278894,0.2486702602952603,21012,3875.06,8,Elastic,Protect Price / Targeted Discount,High
22618,-1.6221663338714134,10.43301570842012,397,3868.82,6,Elastic,Protect Price / Targeted Discount,High
79029,2.029696790027286,2.2026246835870897,2062,3860.96,5,Positive / Unusual,Review Further,Review
84949,-4.0935734918465565,1.8201267616227248,2440,3854.16,5,Elastic,Protect Price / Targeted Discount,High
22109,-2.398460496474181,4.816808224346077,943,3844.41,8,Elastic,Protect Price / Targeted Discount,High
21115,-0.0172583297147087,8.047219271318793,538,3826.37,11,Inelastic,Test Moderate Price Increase,Medium
22488,-2.7027784068788807,1.8918703805167216,2310,3813.45,7,Elastic,Protect Price / Targeted Discount,High
21260,-3.447123384720627,3.807760180053822,1152,3810.55,8,Elastic,Protect Price / Targeted Discount,High
21531,1.4238984894556994,2.9538295716082974,1498,3801.18,8,Positive / Unusual,Review Further,Review
22303,4.491088750482231,2.6616993152524167,1576,3788.58,7,Positive / Unusual,Review Further,Review
21035,-6.590272555693578,3.7289690503170174,1231,3782.33,6,Elastic,Protect Price / Targeted Discount,High
79000,0.9492298521344338,1.328550029192299,4693,3775.91,8,Positive / Unusual,Review Further,Review
22041,1.1951503150582106,3.320806681647017,1626,3773.33,7,Positive / Unusual,Review Further,Review
22595,-4.218179426459919,0.9997990511994272,4350,3759.42,4,Elastic,Protect Price / Targeted Discount,High
21981,-5.885986622933891,0.4477622795744985,14217,3746.79,6,Elastic,Protect Price / Targeted Discount,High
21259,-0.0040676468307818,6.84333753094748,606,3726.62,6,Inelastic,Test Moderate Price Increase,Medium
85175,0.384624627541447,1.5299257927861216,8581,3682.99,10,Positive / Unusual,Review Further,Review
21242,-3.2685588035629807,1.9286651026165944,2186,3676.78,7,Elastic,Protect Price / Targeted Discount,High
22271,-2.745771826691447,3.3531250000000004,1305,3670.39,6,Elastic,Protect Price / Targeted Discount,High
85067,1.2828307882177603,19.69911973443224,225,3654.18,6,Positive / Unusual,Review Further,Review
84347,-4.435898969393142,3.929914053426248,1279,3635.38,5,Elastic,Protect Price / Targeted Discount,High
21871,1.709659751373229,1.6067983243586983,3058,3634.33,6,Positive / Unusual,Review Further,Review
21833,1.6495360785315754,1.952034786693192,2076,3624.62,8,Positive / Unusual,Review Further,Review
84375,1.8228609276804053,2.397639964603432,1860,3624.57,8,Positive / Unusual,Review Further,Review
47567B,1.6241783444144977,6.1576805985552125,656,3617.79,6,Positive / Unusual,Review Further,Review
21155,0.1972042893687289,2.514579129747508,1745,3596.6800000000003,7,Positive / Unusual,Review Further,Review
22528,0.8081326621601956,2.237725572359193,2790,3578.75,6,Positive / Unusual,Review Further,Review
21668,0.0625614114903088,1.5931296433584765,2609,3537.85,7,Positive / Unusual,Review Further,Review
21891,-0.9849877861267666,1.485467805834722,2747,3526.75,8,Inelastic,Test Moderate Price Increase,Medium
22089,0.7819467924748509,3.353843425125615,1220,3526.71,9,Positive / Unusual,Review Further,Review
22485,-2.651740895071552,15.321020221370794,265,3516.69,6,Elastic,Protect Price / Targeted Discount,High
22215,-3.4169918818896954,9.235653188306737,414,3511.94,7,Elastic,Protect Price / Targeted Discount,High
22627,-0.9119142265450756,9.890842894056847,389,3509.89,5,Inelastic,Test Moderate Price Increase,Medium
22649,-3.1822355733531733,6.162321338383839,708,3504.68,4,Elastic,Protect Price / Targeted Discount,High
21094,3.0130215089131465,1.0037581363530284,4282,3473.53,5,Positive / Unusual,Review Further,Review
84692,1.191120993279024,0.6043392717926003,7240,3465.13,9,Positive / Unusual,Review Further,Review
21670,0.827089641171208,1.5817898573678,2483,3464.51,8,Positive / Unusual,Review Further,Review
20975,-0.1436598196555318,0.7531838383553351,5109,3455.04,7,Inelastic,Test Moderate Price Increase,Medium
21363,-1.5604638281884493,5.835632962334151,651,3447.04,9,Elastic,Protect Price / Targeted Discount,High
20682,-0.1843101079993522,3.8571723003105935,1020,3437.92,8,Inelastic,Test Moderate Price Increase,Medium
82552,1.677851602605164,1.4301571879343506,2783,3423.77,8,Positive / Unusual,Review Further,Review
21907,-1.2948668038346447,2.237163596744609,1637,3419.01,6,Elastic,Protect Price / Targeted Discount,High
21430,-0.1464378740717551,4.56902880805635,872,3417.06,5,Inelastic,Test Moderate Price Increase,Medium
22198,-5.024640154211858,2.074103639210295,1908,3397.93,5,Elastic,Protect Price / Targeted Discount,High
84380,-1.530438954165318,1.6276476787705048,2540,3380.85,8,Elastic,Protect Price / Targeted Discount,High
21735,0.6299927995559359,15.654869047619046,256,3344.34,6,Positive / Unusual,Review Further,Review
40016,-0.4825521133776502,1.728526283901284,9866,3337.1,12,Inelastic,Test Moderate Price Increase,Medium
22220,-2.095317063203535,10.42825322420635,341,3331.39,8,Elastic,Protect Price / Targeted Discount,High
20677,1.334588921346449,1.522890651166071,2682,3328.46,9,Positive / Unusual,Review Further,Review
21135,-0.0356351871752672,2.3225416666666665,1908,3319.72,8,Inelastic,Test Moderate Price Increase,Medium
84839,0.3982361253045013,6.856663852813853,519,3312.09,6,Positive / Unusual,Review Further,Review
22111,-1.6210781521725657,6.237199029832647,602,3301.09,5,Elastic,Protect Price / Targeted Discount,High
22199,0.878148709039502,5.186066612450558,752,3276.66,11,Positive / Unusual,Review Further,Review
22553,1.5698189391767636,1.850833282623394,1972,3275.35,6,Positive / Unusual,Review Further,Review
72807C,-1.6770803371276246,5.706135802469136,778,3270.44,9,Elastic,Protect Price / Targeted Discount,High
75049L,-2.0036834147296725,1.5891178488178486,3483,3270.37,7,Elastic,Protect Price / Targeted Discount,High
22567,-0.1706741324614073,1.397231816067602,2694,3261.36,7,Inelastic,Test Moderate Price Increase,Medium
21257,-2.6594376816070366,10.490502476469514,348,3251.02,6,Elastic,Protect Price / Targeted Discount,High
22121,-3.741660596821009,6.461289726236205,505,3235.15,5,Elastic,Protect Price / Targeted Discount,High
21892,0.0290017194245275,1.5085201299418394,2513,3217.55,7,Positive / Unusual,Review Further,Review
21625,1.4211176009406743,8.041292992032123,447,3216.4,11,Positive / Unusual,Review Further,Review
22668,-3.9805975189349367,4.164910344827587,1052,3209.88,5,Elastic,Protect Price / Targeted Discount,High
21624,0.550197074390194,6.423907957089646,525,3208.59,8,Positive / Unusual,Review Further,Review
79320,2.252559143021017,6.027417301265985,663,3173.19,8,Positive / Unusual,Review Further,Review
21122,-2.752834388102309,1.3216796425796424,2619,3169.53,5,Elastic,Protect Price / Targeted Discount,High
21042,-0.1705956280303458,6.63721974689811,528,3164.4,9,Inelastic,Test Moderate Price Increase,Medium
10002,-0.6910454494790746,1.0022807351186676,3944,3150.78,6,Inelastic,Test Moderate Price Increase,Medium
15056P,0.8654572994504566,5.996424603174603,580,3139.28,7,Positive / Unusual,Review Further,Review
22465,1.4763471596480915,1.9136255969738112,1857,3138.12,7,Positive / Unusual,Review Further,Review
15060B,0.7255778916266536,5.700132486250515,628,3137.5600000000004,8,Positive / Unusual,Review Further,Review
21870,-0.4050997726525651,1.4857295338855905,2544,3135.92,8,Inelastic,Test Moderate Price Increase,Medium
85063,-2.836082583939585,19.580015930250305,172,3132.36,8,Elastic,Protect Price / Targeted Discount,High
22380,-3.9727102380406976,2.4401289054860484,1551,3124.36,7,Elastic,Protect Price / Targeted Discount,High
22663,-3.71484355108107,2.25270894320843,1653,3116.28,4,Elastic,Protect Price / Targeted Discount,High
37450,-0.7851340224022887,3.3912950345414115,1103,3116.06,9,Inelastic,Test Moderate Price Increase,Medium
21777,1.31411798035111,8.713604419545597,379,3073.53,5,Positive / Unusual,Review Further,Review
22079,0.4661968049111943,1.917749807637216,1839,3046.83,8,Positive / Unusual,Review Further,Review
21086,-0.5532431136977515,0.7793290513227624,4858,3030.17,5,Inelastic,Test Moderate Price Increase,Medium
22327,3.958501387527292,3.400065106850821,1004,3028.24,7,Positive / Unusual,Review Further,Review
22219,-1.9148247545117607,1.1019144009185562,3300,3016.45,7,Elastic,Protect Price / Targeted Discount,High
22466,2.759296484865666,2.213235013663585,1599,3014.21,7,Positive / Unusual,Review Further,Review
22055,-1.7826764251393226,2.241006670735241,1650,2967.84,7,Elastic,Protect Price / Targeted Discount,High
22174,0.2387783779471696,2.364339964264443,1128,2955.47,5,Positive / Unusual,Review Further,Review
22418,-0.6165188037590894,1.0119523256671088,3492,2952.28,5,Inelastic,Test Moderate Price Increase,Medium
21715,0.4251618335034646,3.418012793700293,1121,2917.39,8,Positive / Unusual,Review Further,Review
22173,-1.50791878393,3.967452882156207,972,2915.23,4,Elastic,Protect Price / Targeted Discount,High
21071,-0.953946871833654,1.5543761428973504,2538,2911.98,10,Inelastic,Test Moderate Price Increase,Medium
21244,-2.409739730578517,1.874234521488908,1792,2910.62,9,Elastic,Protect Price / Targeted Discount,High
84968B,0.7790474316284589,15.148844444444444,214,2897.04,5,Positive / Unusual,Review Further,Review
21890,-1.4643215204561624,3.575326247817968,985,2881.8500000000004,8,Elastic,Protect Price / Targeted Discount,High
84270,0.7632544699711873,0.2495578496314652,13361,2865.23,8,Positive / Unusual,Review Further,Review
21768,-1.0782068901374913,18.774473824786323,174,2865.18,6,Elastic,Protect Price / Targeted Discount,High
22185,-3.389855487032163,1.8437178779413568,1750,2857.52,9,Elastic,Protect Price / Targeted Discount,High
21578,0.3948410305246562,2.6013589899995084,1220,2841.56,10,Positive / Unusual,Review Further,Review
84520B,2.491275432931052,1.0242970876884794,3171,2817.41,7,Positive / Unusual,Review Further,Review
21563,-2.0389479529206547,3.4748010370549074,947,2816.5,9,Elastic,Protect Price / Targeted Discount,High
20681,0.4233218921999943,3.834808354866494,815,2799.83,9,Positive / Unusual,Review Further,Review
22242,2.987167154806576,1.8281256170329536,1747,2790.6,6,Positive / Unusual,Review Further,Review
20751,2.081616277626628,2.251684404623616,1309,2772.13,9,Positive / Unusual,Review Further,Review
20717,-1.8296372379685304,1.5917382987987565,2197,2767.12,9,Elastic,Protect Price / Targeted Discount,High
21544,0.3397558383971881,0.9975057494685108,3426,2764.12,10,Positive / Unusual,Review Further,Review
44230,-1.4069987186336537,8.979803571428572,273,2761.98,8,Elastic,Protect Price / Targeted Discount,High
22243,2.920309078796913,1.778277120630861,1786,2759.64,4,Positive / Unusual,Review Further,Review
47599A,-0.6315536033568061,2.194627961812744,1497,2757.19,6,Inelastic,Test Moderate Price Increase,Medium
21934,-1.1339936731087732,2.266167185367185,1622,2748.2,10,Elastic,Protect Price / Targeted Discount,High
22349,0.7922671882874757,4.04400078320802,684,2737.63,8,Positive / Unusual,Review Further,Review
47568,-1.860235233523531,2.5144071836376183,1300,2721.03,5,Elastic,Protect Price / Targeted Discount,High
21239,-2.6004026009614387,1.0224215231690723,3122,2704.79,9,Elastic,Protect Price / Targeted Discount,High
21756,3.4274963309423736,6.350356004356004,444,2702.86,4,Positive / Unusual,Review Further,Review
21985,-2.0508638354527284,0.4083941343743975,8216,2699.38,8,Elastic,Protect Price / Targeted Discount,High
21749,0.3402273018576449,2.7216406411049268,1370,2664.3,7,Positive / Unusual,Review Further,Review
85038,0.9474582426510848,2.474373528518265,1239,2648.75,9,Positive / Unusual,Review Further,Review
21911,0.1318503557392893,2.0938636763130183,1619,2614.55,10,Positive / Unusual,Review Further,Review
22498,-0.1704172069343262,6.985740842953343,412,2587.04,8,Inelastic,Test Moderate Price Increase,Medium
21875,-0.2759388205137282,1.6884425667466605,2324,2583.36,9,Inelastic,Test Moderate Price Increase,Medium
21903,-0.0976179747940496,2.4728872718343995,1331,2578.84,8,Inelastic,Test Moderate Price Increase,Medium
22378,-1.1037110303204285,2.800844078080577,1158,2577.82,10,Elastic,Protect Price / Targeted Discount,High
21326,1.1531317041379308,0.8057372578734672,3973,2570.6400000000003,8,Positive / Unusual,Review Further,Review
37495,-1.4109695081950069,4.1804109846726805,701,2552.7,9,Elastic,Protect Price / Targeted Discount,High
21922,0.7151156670137475,9.978885620915031,324,2548.84,5,Positive / Unusual,Review Further,Review
21349,-1.2795611008122951,9.879979797979797,339,2538.03,5,Elastic,Protect Price / Targeted Discount,High
21671,0.8788544145369834,1.520752151732786,1983,2537.55,4,Positive / Unusual,Review Further,Review
72351A,-2.86512240470001,2.3655302875243667,1226,2535.1400000000003,8,Elastic,Protect Price / Targeted Discount,High
22414,-1.946331684092074,9.2026666151309,442,2529.24,7,Elastic,Protect Price / Targeted Discount,High
84975,-0.4972726012735216,2.036335989895772,1534,2529.02,9,Inelastic,Test Moderate Price Increase,Medium
21121,-3.7889305013496095,1.4103558253340862,2041,2527.73,4,Elastic,Protect Price / Targeted Discount,High
20979,-2.5462043613734857,1.4524973368755263,2017,2523.01,7,Elastic,Protect Price / Targeted Discount,High
84971S,-1.2122713234322875,1.0212877470735096,3024,2519.91,8,Elastic,Protect Price / Targeted Discount,High
22150,-0.5075872285674728,2.1989058836128152,1354,2519.12,5,Inelastic,Test Moderate Price Increase,Medium
22110,-1.2711293272789166,4.74049234839817,788,2500.9300000000003,8,Elastic,Protect Price / Targeted Discount,High
47599B,1.7872912466060364,2.230714190779981,1292,2476.1200000000003,7,Positive / Unusual,Review Further,Review
22273,-0.2514735123440935,3.2379572723019976,845,2466.51,5,Inelastic,Test Moderate Price Increase,Medium
22335,-0.8362062051107759,0.7971591705852212,3794,2464.42,9,Inelastic,Test Moderate Price Increase,Medium
21900,-0.6431225941671601,0.7823380114884546,3662,2440.23,10,Inelastic,Test Moderate Price Increase,Medium
22156,-1.6996966981272887,1.0189834422437318,2860,2436.49,8,Elastic,Protect Price / Targeted Discount,High
21874,2.228047366517417,1.6802919683050372,1928,2433.61,9,Positive / Unusual,Review Further,Review
84016,0.8065847960195929,64.32400793650793,623,2423.47,4,Positive / Unusual,Review Further,Review
22224,1.1529991084328772,3.7019234848484848,750,2412.51,8,Positive / Unusual,Review Further,Review
21528,0.7227534318248902,7.400148223304473,347,2407.29,8,Positive / Unusual,Review Further,Review
21558,-2.491282715242201,3.090126080871695,952,2405.17,6,Elastic,Protect Price / Targeted Discount,High
21143,1.360397211882482,2.468033816425121,1234,2398.42,6,Positive / Unusual,Review Further,Review
22059,-0.9663612034247376,1.839129263415893,1612,2392.11,8,Inelastic,Test Moderate Price Increase,Medium
82551,-3.2987657015394496,1.6052852732330811,1850,2391.94,8,Elastic,Protect Price / Targeted Discount,High
85047,1.1798623159199264,7.098211191107742,374,2368.08,5,Positive / Unusual,Review Further,Review
21669,0.4537694991587857,1.5317340489971731,1731,2348.41,5,Positive / Unusual,Review Further,Review
21033,-1.1273230472958748,3.6147691681605822,926,2347.21,8,Elastic,Protect Price / Targeted Discount,High
21110,0.1555953635722518,8.3540248015873,317,2346.83,8,Positive / Unusual,Review Further,Review
22354,-2.4708372811266552,4.416685326438268,595,2339.79,5,Elastic,Protect Price / Targeted Discount,High
20754,-1.76366003062893,2.5091348928070527,1109,2325.4700000000003,6,Elastic,Protect Price / Targeted Discount,High
21872,-2.1683569953011923,1.5375516388373531,2378,2319.05,7,Elastic,Protect Price / Targeted Discount,High
22357,1.387302309761964,5.11700551725707,523,2318.23,7,Positive / Unusual,Review Further,Review
22371,-1.802696586814496,5.897761549768563,442,2309.15,6,Elastic,Protect Price / Targeted Discount,High
22057,-0.7291911412606324,2.1198394736842103,1688,2308.95,10,Inelastic,Test Moderate Price Increase,Medium
22187,-1.705569306943196,5.294038725655748,525,2306.4700000000003,5,Elastic,Protect Price / Targeted Discount,High
21463,-2.205985689553282,7.25062852760892,394,2304.1000000000004,9,Elastic,Protect Price / Targeted Discount,High
21914,0.4716611010151645,2.155718189964158,1801,2301.13,6,Positive / Unusual,Review Further,Review
21765,0.439228718364729,8.764148184921963,283,2293.98,8,Positive / Unusual,Review Further,Review
20969,1.60174489286359,4.23235737088998,596,2291.79,7,Positive / Unusual,Review Further,Review
21746,-0.1887746869622601,1.6483032524435457,1726,2290.8700000000003,8,Inelastic,Test Moderate Price Increase,Medium
82582,-1.5132902610091696,2.3521623084123084,1107,2289.1400000000003,6,Elastic,Protect Price / Targeted Discount,High
82580,-0.9271230667033988,0.727403281644156,4039,2288.56,8,Inelastic,Test Moderate Price Increase,Medium
84968A,-1.087692877576243,14.194863953545113,173,2284.53,9,Elastic,Protect Price / Targeted Discount,High
21534,-1.4943998461597725,5.501395683118052,458,2283.24,10,Elastic,Protect Price / Targeted Discount,High
85174,-0.8087695937046848,6.121515091390092,446,2275.9300000000003,9,Inelastic,Test Moderate Price Increase,Medium
21484,-2.058109256222779,4.39470972825624,592,2271.13,8,Elastic,Protect Price / Targeted Discount,High
22282,1.3975320486600085,17.797584883526056,142,2265.83,9,Positive / Unusual,Review Further,Review
21313,1.2259162016302396,1.0757041938997822,2629,2240.71,9,Positive / Unusual,Review Further,Review
21906,1.6696946828790222,7.993885547201337,308,2236.7,6,Positive / Unusual,Review Further,Review
85062,-2.3801465000165214,1.8434058843633143,1337,2229.19,7,Elastic,Protect Price / Targeted Discount,High
22274,-0.6797770116490301,3.363140236956027,784,2215.6600000000003,4,Inelastic,Test Moderate Price Increase,Medium
22360,-2.319070883441879,3.926690391090392,737,2211.83,6,Elastic,Protect Price / Targeted Discount,High
21980,-0.5678236023932899,0.3652167105390634,7777,2209.8099999999995,10,Inelastic,Test Moderate Price Increase,Medium
21933,0.0103653993945913,3.3106166815640505,701,2200.54,9,Positive / Unusual,Review Further,Review
47580,-2.3684250832193783,3.145848081854506,897,2198.66,8,Elastic,Protect Price / Targeted Discount,High
22203,0.7849874417479166,4.694718127705627,540,2197.16,10,Positive / Unusual,Review Further,Review
21876,-0.8406597044156946,1.810784034854651,1608,2186.22,11,Inelastic,Test Moderate Price Increase,Medium
22115,-0.619307285127009,3.94946181197662,752,2182.7000000000003,9,Inelastic,Test Moderate Price Increase,Medium
22244,0.3558865745471909,2.5022752620545075,1125,2180.88,5,Positive / Unusual,Review Further,Review
22278,0.1355959690874401,6.507357311421078,385,2178.9,9,Positive / Unusual,Review Further,Review
22193,0.3036162112435885,8.783926823176824,260,2177.56,4,Positive / Unusual,Review Further,Review
85061W,0.3308501533166088,1.0432302011713777,2391,2169.36,9,Positive / Unusual,Review Further,Review
72351B,-3.170111193277259,2.4709012512899897,1095,2159.5400000000004,5,Elastic,Protect Price / Targeted Discount,High
22195,1.4347811418878706,2.148279977827051,1233,2146.09,5,Positive / Unusual,Review Further,Review
20978,0.770734311451704,1.5022121478739126,1668,2139.38,9,Positive / Unusual,Review Further,Review
22165,-2.154368245779228,16.65427829390148,165,2133.98,9,Elastic,Protect Price / Targeted Discount,High
22221,0.9464220684989084,12.653345959595958,293,2128.3,5,Positive / Unusual,Review Further,Review
21716,-1.414797052247498,3.5908979665940444,821,2122.82,6,Elastic,Protect Price / Targeted Discount,High
37447,-1.6027618766489231,1.953462631305373,1353,2117.64,9,Elastic,Protect Price / Targeted Discount,High
22276,-0.2869402128437213,3.251593931643804,796,2109.7200000000003,8,Inelastic,Test Moderate Price Increase,Medium
22196,-0.7276819823653323,1.1485153502859449,2293,2104.64,9,Inelastic,Test Moderate Price Increase,Medium
21201,0.1836811360766623,2.9826020408163267,894,2102.34,7,Positive / Unusual,Review Further,Review
22131,2.9733001254191724,2.506850589225589,1071,2082.05,6,Positive / Unusual,Review Further,Review
22621,2.288823521263625,1.7282339966832505,1399,2079.55,6,Positive / Unusual,Review Further,Review
85049E,-0.8811121733975135,1.4210341116952556,1393,2070.35,6,Inelastic,Test Moderate Price Increase,Medium
85184D,-1.7496737120471704,3.23786507936508,4070,2066.18,7,Elastic,Protect Price / Targeted Discount,High
21714,-1.32179140827874,1.7487823574730352,1842,2065.62,7,Elastic,Protect Price / Targeted Discount,High
21381,-3.3281040460711053,2.0755867465867466,1268,2059.43,5,Elastic,Protect Price / Targeted Discount,High
22318,-0.98009748066017,3.5360068794916084,661,2057.07,7,Inelastic,Test Moderate Price Increase,Medium
21992,-1.1274495353531655,3.414897406116918,771,2053.99,7,Elastic,Protect Price / Targeted Discount,High
21832,-0.403941774343989,2.106884943181818,1186,2052.13,8,Inelastic,Test Moderate Price Increase,Medium
21240,-1.823269377370492,1.0392625393533594,2391,2049.61,8,Elastic,Protect Price / Targeted Discount,High
22583,-1.8193737703424009,2.950231259600614,771,2046.37,7,Elastic,Protect Price / Targeted Discount,High
21069,-3.0155931002255114,1.6490279605263156,2098,2042.24,8,Elastic,Protect Price / Targeted Discount,High
22582,-1.7174949322830435,2.8149385309679427,787,2039.05,6,Elastic,Protect Price / Targeted Discount,High
22329,-0.8322895892260579,2.2645384294487743,1247,2032.45,5,Inelastic,Test Moderate Price Increase,Medium
21717,0.2703836780735102,3.267219444444444,699,2028.99,6,Positive / Unusual,Review Further,Review
82599,-1.6044647882596152,2.754668200951096,918,2028.86,6,Elastic,Protect Price / Targeted Discount,High
22534,1.2796694275008502,0.4912371786626573,4439,2024.78,5,Positive / Unusual,Review Further,Review
35004B,-0.0787814046736009,7.260002383712106,377,2020.66,7,Inelastic,Test Moderate Price Increase,Medium
84884A,-2.887393444676212,4.529154295996402,510,2007.52,7,Elastic,Protect Price / Targeted Discount,High
84795C,0.4266245726733366,9.38975512079832,231,2005.17,4,Positive / Unusual,Review Further,Review
22202,-0.7748625695527664,5.235343280075188,482,2004.78,8,Inelastic,Test Moderate Price Increase,Medium
21452,-0.6478931416697759,3.285193159084216,653,2001.29,6,Inelastic,Test Moderate Price Increase,Medium
21745,-2.509856192702237,4.129660879471406,601,2000.79,5,Elastic,Protect Price / Targeted Discount,High
21537,-1.53545600459022,4.827397306397306,464,1999.18,9,Elastic,Protect Price / Targeted Discount,High
22431,-0.470612224323965,2.522002533233266,973,1987.83,8,Inelastic,Test Moderate Price Increase,Medium
21494,2.354063536430786,2.422012395516717,1257,1983.09,8,Positive / Unusual,Review Further,Review
37448,1.231325596948729,1.7334669349273135,1345,1979.51,6,Positive / Unusual,Review Further,Review
20675,-0.9654367843725428,1.4307336979836978,1589,1975.4,6,Inelastic,Test Moderate Price Increase,Medium
21238,-0.8303123227316207,1.0094637663128447,2254,1971.87,6,Inelastic,Test Moderate Price Increase,Medium
84032A,1.2013526457931474,3.255646221125813,695,1967.52,7,Positive / Unusual,Review Further,Review
20674,-1.3256762690059305,1.4591459882709883,1542,1966.66,11,Elastic,Protect Price / Targeted Discount,High
84968C,-0.0624244019739317,14.660873015873015,167,1961.78,6,Inelastic,Test Moderate Price Increase,Medium
47559B,1.570488671905181,1.365128875384347,1594,1960.6,7,Positive / Unusual,Review Further,Review
21472,0.4411194314769265,4.294132888842315,499,1960.26,7,Positive / Unusual,Review Further,Review
21407,-1.131263590279969,5.426522003538258,427,1953.67,7,Elastic,Protect Price / Targeted Discount,High
22285,0.0222601115626333,1.9890481692677071,1317,1952.25,7,Positive / Unusual,Review Further,Review
21274,-0.0964286526157156,15.129684848484848,141,1948.97,10,Inelastic,Test Moderate Price Increase,Medium
82597,0.6743844168061488,2.647848661387632,922,1947.5,10,Positive / Unusual,Review Further,Review
20981,-1.4901347259587825,0.9501546226975638,2319,1947.3,10,Elastic,Protect Price / Targeted Discount,High
22460,-1.0916774992010496,1.5291870802547494,1428,1947.28,7,Elastic,Protect Price / Targeted Discount,High
22550,-0.0041315194229304,4.611485907335907,478,1939.56,6,Inelastic,Test Moderate Price Increase,Medium
22070,1.6754643629578745,3.9382015306122446,509,1922.88,7,Positive / Unusual,Review Further,Review
22222,-1.0540316414607764,5.726716866466867,371,1919.73,11,Elastic,Protect Price / Targeted Discount,High
21100,-1.162697804269211,2.329956683430948,1069,1898.81,8,Elastic,Protect Price / Targeted Discount,High
