Invoice_ID,Stock_Code,Description,Quantity,Invoice_Date,Unit_Price,Customer_ID,Country,Is_Return,Revenue,Year,Month,Month_Name,Quarter,Day,Day_of_Week,Hour,Price_Band,Order_Value
489434,85048,15CM CHRISTMAS GLASS BALL 20 LIGHTS,12,2009-12-01 07:45:00,6.95,13085.0,United Kingdom,0,83.4,2009,12,December,4,1,Tuesday,7,5-10,505.3
489434,79323P,PINK CHERRY LIGHTS,12,2009-12-01 07:45:00,6.75,13085.0,United Kingdom,0,81.0,2009,12,December,4,1,Tuesday,7,5-10,505.3
489434,79323W,WHITE CHERRY LIGHTS,12,2009-12-01 07:45:00,6.75,13085.0,United Kingdom,0,81.0,2009,12,December,4,1,Tuesday,7,5-10,505.3
489434,22041,"RECORD FRAME 7"" SINGLE SIZE",48,2009-12-01 07:45:00,2.1,13085.0,United Kingdom,0,100.8,2009,12,December,4,1,Tuesday,7,2-5,505.3
489434,21232,STRAWBERRY CERAMIC TRINKET BOX,24,2009-12-01 07:45:00,1.25,13085.0,United Kingdom,0,30.0,2009,12,December,4,1,Tuesday,7,1-2,505.3
489434,22064,PINK DOUGHNUT TRINKET POT,24,2009-12-01 07:45:00,1.65,13085.0,United Kingdom,0,39.6,2009,12,December,4,1,Tuesday,7,1-2,505.3
489434,21871,SAVE THE PLANET MUG,24,2009-12-01 07:45:00,1.25,13085.0,United Kingdom,0,30.0,2009,12,December,4,1,Tuesday,7,1-2,505.3
489434,21523,FANCY FONT HOME SWEET HOME DOORMAT,10,2009-12-01 07:45:00,5.95,13085.0,United Kingdom,0,59.5,2009,12,December,4,1,Tuesday,7,5-10,505.3
489435,22350,CAT BOWL,12,2009-12-01 07:46:00,2.55,13085.0,United Kingdom,0,30.6,2009,12,December,4,1,Tuesday,7,2-5,145.79999999999998
489435,22349,"DOG BOWL , CHASING BALL DESIGN",12,2009-12-01 07:46:00,3.75,13085.0,United Kingdom,0,45.0,2009,12,December,4,1,Tuesday,7,2-5,145.79999999999998
489435,22195,HEART MEASURING SPOONS LARGE,24,2009-12-01 07:46:00,1.65,13085.0,United Kingdom,0,39.6,2009,12,December,4,1,Tuesday,7,1-2,145.79999999999998
489435,22353,LUNCHBOX WITH CUTLERY FAIRY CAKES,12,2009-12-01 07:46:00,2.55,13085.0,United Kingdom,0,30.6,2009,12,December,4,1,Tuesday,7,2-5,145.79999999999998
489436,48173C,DOOR MAT BLACK FLOCK,10,2009-12-01 09:06:00,5.95,13078.0,United Kingdom,0,59.5,2009,12,December,4,1,Tuesday,9,5-10,630.33
489436,21755,LOVE BUILDING BLOCK WORD,18,2009-12-01 09:06:00,5.45,13078.0,United Kingdom,0,98.1,2009,12,December,4,1,Tuesday,9,5-10,630.33
489436,21754,HOME BUILDING BLOCK WORD,3,2009-12-01 09:06:00,5.95,13078.0,United Kingdom,0,17.85,2009,12,December,4,1,Tuesday,9,5-10,630.33
489436,84879,ASSORTED COLOUR BIRD ORNAMENT,16,2009-12-01 09:06:00,1.69,13078.0,United Kingdom,0,27.04,2009,12,December,4,1,Tuesday,9,1-2,630.33
489436,22119,PEACE WOODEN BLOCK LETTERS,3,2009-12-01 09:06:00,6.95,13078.0,United Kingdom,0,20.85,2009,12,December,4,1,Tuesday,9,5-10,630.33
489436,22142,CHRISTMAS CRAFT WHITE FAIRY,12,2009-12-01 09:06:00,1.45,13078.0,United Kingdom,0,17.4,2009,12,December,4,1,Tuesday,9,1-2,630.33
489436,22296,HEART IVORY TRELLIS LARGE,12,2009-12-01 09:06:00,1.65,13078.0,United Kingdom,0,19.8,2009,12,December,4,1,Tuesday,9,1-2,630.33
489436,22295,HEART FILIGREE DOVE LARGE,12,2009-12-01 09:06:00,1.65,13078.0,United Kingdom,0,19.8,2009,12,December,4,1,Tuesday,9,1-2,630.33
489436,22109,FULL ENGLISH BREAKFAST PLATE,16,2009-12-01 09:06:00,3.39,13078.0,United Kingdom,0,54.24,2009,12,December,4,1,Tuesday,9,2-5,630.33
489436,22107,PIZZA PLATE IN BOX,4,2009-12-01 09:06:00,3.75,13078.0,United Kingdom,0,15.0,2009,12,December,4,1,Tuesday,9,2-5,630.33
489436,22194,BLACK DINER WALL CLOCK,2,2009-12-01 09:06:00,8.5,13078.0,United Kingdom,0,17.0,2009,12,December,4,1,Tuesday,9,5-10,630.33
489436,35004B,SET OF 3 BLACK FLYING DUCKS,12,2009-12-01 09:06:00,4.65,13078.0,United Kingdom,0,55.8,2009,12,December,4,1,Tuesday,9,2-5,630.33
489436,82582,AREA PATROLLED METAL SIGN,12,2009-12-01 09:06:00,2.1,13078.0,United Kingdom,0,25.200000000000003,2009,12,December,4,1,Tuesday,9,2-5,630.33
489436,21181,PLEASE ONE PERSON  METAL SIGN,12,2009-12-01 09:06:00,2.1,13078.0,United Kingdom,0,25.200000000000003,2009,12,December,4,1,Tuesday,9,2-5,630.33
489436,21756,BATH BUILDING BLOCK WORD,3,2009-12-01 09:06:00,5.95,13078.0,United Kingdom,0,17.85,2009,12,December,4,1,Tuesday,9,5-10,630.33
489436,21333,CLASSIC WHITE FRAME,6,2009-12-01 09:06:00,2.95,13078.0,United Kingdom,0,17.700000000000003,2009,12,December,4,1,Tuesday,9,2-5,630.33
489436,84596F,SMALL MARSHMALLOWS PINK BOWL,8,2009-12-01 09:06:00,1.25,13078.0,United Kingdom,0,10.0,2009,12,December,4,1,Tuesday,9,1-2,630.33
489436,84596L,BISCUITS SMALL BOWL LIGHT BLUE,8,2009-12-01 09:06:00,1.25,13078.0,United Kingdom,0,10.0,2009,12,December,4,1,Tuesday,9,1-2,630.33
489436,22111,SCOTTIE DOG HOT WATER BOTTLE,24,2009-12-01 09:06:00,4.25,13078.0,United Kingdom,0,102.0,2009,12,December,4,1,Tuesday,9,2-5,630.33
489437,22143,CHRISTMAS CRAFT HEART DECORATIONS,6,2009-12-01 09:08:00,2.1,15362.0,United Kingdom,0,12.6,2009,12,December,4,1,Tuesday,9,2-5,310.75
489437,22145,CHRISTMAS CRAFT HEART STOCKING,6,2009-12-01 09:08:00,2.1,15362.0,United Kingdom,0,12.6,2009,12,December,4,1,Tuesday,9,2-5,310.75
489437,22130,PARTY CONE CHRISTMAS DECORATION,12,2009-12-01 09:08:00,0.85,15362.0,United Kingdom,0,10.2,2009,12,December,4,1,Tuesday,9,<=1,310.75
489437,21364,PEACE SMALL WOOD LETTERS,2,2009-12-01 09:08:00,6.75,15362.0,United Kingdom,0,13.5,2009,12,December,4,1,Tuesday,9,5-10,310.75
489437,21360,JOY LARGE WOOD LETTERS,1,2009-12-01 09:08:00,9.95,15362.0,United Kingdom,0,9.95,2009,12,December,4,1,Tuesday,9,5-10,310.75
489437,21351,CINAMMON & ORANGE WREATH,2,2009-12-01 09:08:00,6.75,15362.0,United Kingdom,0,13.5,2009,12,December,4,1,Tuesday,9,5-10,310.75
489437,21352,EUCALYPTUS & PINECONE  WREATH,2,2009-12-01 09:08:00,6.75,15362.0,United Kingdom,0,13.5,2009,12,December,4,1,Tuesday,9,5-10,310.75
489437,35400,WOODEN BOX ADVENT CALENDAR,2,2009-12-01 09:08:00,8.95,15362.0,United Kingdom,0,17.9,2009,12,December,4,1,Tuesday,9,5-10,310.75
489437,20695,FLORAL BLUE MONSTER,3,2009-12-01 09:08:00,4.25,15362.0,United Kingdom,0,12.75,2009,12,December,4,1,Tuesday,9,2-5,310.75
489437,37370,RETRO COFFEE MUGS ASSORTED,12,2009-12-01 09:08:00,1.25,15362.0,United Kingdom,0,15.0,2009,12,December,4,1,Tuesday,9,1-2,310.75
489437,10002,INFLATABLE POLITICAL GLOBE,12,2009-12-01 09:08:00,0.85,15362.0,United Kingdom,0,10.2,2009,12,December,4,1,Tuesday,9,<=1,310.75
489437,84507B,STRIPES DESIGN MONKEY DOLL,6,2009-12-01 09:08:00,2.55,15362.0,United Kingdom,0,15.3,2009,12,December,4,1,Tuesday,9,2-5,310.75
489437,20703,BLUE PADDED SOFT MOBILE,3,2009-12-01 09:08:00,4.25,15362.0,United Kingdom,0,12.75,2009,12,December,4,1,Tuesday,9,2-5,310.75
489437,21987,PACK OF 6 SKULL PAPER CUPS,12,2009-12-01 09:08:00,0.65,15362.0,United Kingdom,0,7.800000000000001,2009,12,December,4,1,Tuesday,9,<=1,310.75
489437,21989,PACK OF 20 SKULL PAPER NAPKINS,12,2009-12-01 09:08:00,0.85,15362.0,United Kingdom,0,10.2,2009,12,December,4,1,Tuesday,9,<=1,310.75
489437,84970S,HANGING HEART ZINC T-LIGHT HOLDER,12,2009-12-01 09:08:00,0.85,15362.0,United Kingdom,0,10.2,2009,12,December,4,1,Tuesday,9,<=1,310.75
489437,20971,PINK BLUE FELT CRAFT TRINKET BOX,12,2009-12-01 09:08:00,1.25,15362.0,United Kingdom,0,15.0,2009,12,December,4,1,Tuesday,9,1-2,310.75
489437,22271,FELTCRAFT DOLL ROSIE,6,2009-12-01 09:08:00,2.95,15362.0,United Kingdom,0,17.700000000000003,2009,12,December,4,1,Tuesday,9,2-5,310.75
489437,22272,FELTCRAFT DOLL MARIA,6,2009-12-01 09:08:00,2.95,15362.0,United Kingdom,0,17.700000000000003,2009,12,December,4,1,Tuesday,9,2-5,310.75
489437,22274,FELTCRAFT DOLL EMILY,6,2009-12-01 09:08:00,2.95,15362.0,United Kingdom,0,17.700000000000003,2009,12,December,4,1,Tuesday,9,2-5,310.75
489437,21912,VINTAGE SNAKES & LADDERS,4,2009-12-01 09:08:00,3.75,15362.0,United Kingdom,0,15.0,2009,12,December,4,1,Tuesday,9,2-5,310.75
489437,22111,SCOTTIE DOG HOT WATER BOTTLE,3,2009-12-01 09:08:00,4.95,15362.0,United Kingdom,0,14.85,2009,12,December,4,1,Tuesday,9,2-5,310.75
489437,22112,CHOCOLATE HOT WATER BOTTLE,3,2009-12-01 09:08:00,4.95,15362.0,United Kingdom,0,14.85,2009,12,December,4,1,Tuesday,9,2-5,310.75
489438,21329,DINOSAURS  WRITING SET,28,2009-12-01 09:24:00,0.98,18102.0,United Kingdom,0,27.44,2009,12,December,4,1,Tuesday,9,<=1,2286.24
489438,21252,SET OF MEADOW  FLOWER STICKERS,30,2009-12-01 09:24:00,1.69,18102.0,United Kingdom,0,50.7,2009,12,December,4,1,Tuesday,9,1-2,2286.24
489438,21100,CHARLIE AND LOLA CHARLOTTE BAG,30,2009-12-01 09:24:00,1.15,18102.0,United Kingdom,0,34.5,2009,12,December,4,1,Tuesday,9,1-2,2286.24
489438,21033,JUMBO BAG CHARLIE AND LOLA TOYS,30,2009-12-01 09:24:00,2.0,18102.0,United Kingdom,0,60.0,2009,12,December,4,1,Tuesday,9,1-2,2286.24
489438,20711,JUMBO BAG TOYS,60,2009-12-01 09:24:00,1.3,18102.0,United Kingdom,0,78.0,2009,12,December,4,1,Tuesday,9,1-2,2286.24
489438,21410,COUNTRY COTTAGE  DOORSTOP GREEN,32,2009-12-01 09:24:00,2.5,18102.0,United Kingdom,0,80.0,2009,12,December,4,1,Tuesday,9,2-5,2286.24
489438,21411,GINGHAM HEART  DOORSTOP RED,32,2009-12-01 09:24:00,2.5,18102.0,United Kingdom,0,80.0,2009,12,December,4,1,Tuesday,9,2-5,2286.24
489438,84031A,CHARLIE+LOLA RED HOT WATER BOTTLE,56,2009-12-01 09:24:00,3.0,18102.0,United Kingdom,0,168.0,2009,12,December,4,1,Tuesday,9,2-5,2286.24
489438,84031B,CHARLIE LOLA BLUE HOT WATER BOTTLE,56,2009-12-01 09:24:00,3.0,18102.0,United Kingdom,0,168.0,2009,12,December,4,1,Tuesday,9,2-5,2286.24
489438,84032A,CHARLIE+LOLA PINK HOT WATER BOTTLE,60,2009-12-01 09:24:00,1.9,18102.0,United Kingdom,0,114.0,2009,12,December,4,1,Tuesday,9,1-2,2286.24
489438,84032B,CHARLIE + LOLA RED HOT WATER BOTTLE,56,2009-12-01 09:24:00,1.9,18102.0,United Kingdom,0,106.4,2009,12,December,4,1,Tuesday,9,1-2,2286.24
489438,84519A,TOMATO CHARLIE+LOLA COASTER SET,56,2009-12-01 09:24:00,2.15,18102.0,United Kingdom,0,120.4,2009,12,December,4,1,Tuesday,9,2-5,2286.24
489438,84519B,CARROT CHARLIE+LOLA COASTER SET,60,2009-12-01 09:24:00,2.4,18102.0,United Kingdom,0,144.0,2009,12,December,4,1,Tuesday,9,2-5,2286.24
489438,85132A,CHARLIE + LOLA BISCUITS TINS,60,2009-12-01 09:24:00,6.38,18102.0,United Kingdom,0,382.8,2009,12,December,4,1,Tuesday,9,5-10,2286.24
489438,85132C,CHARLIE AND LOLA FIGURES TINS,60,2009-12-01 09:24:00,6.4,18102.0,United Kingdom,0,384.0,2009,12,December,4,1,Tuesday,9,5-10,2286.24
489438,85183A,CHARLIE & LOLA WASTEPAPER BIN BLUE,60,2009-12-01 09:24:00,2.4,18102.0,United Kingdom,0,144.0,2009,12,December,4,1,Tuesday,9,2-5,2286.24
489438,85183B,CHARLIE & LOLA WASTEPAPER BIN FLORA,60,2009-12-01 09:24:00,2.4,18102.0,United Kingdom,0,144.0,2009,12,December,4,1,Tuesday,9,2-5,2286.24
489439,22065,CHRISTMAS PUDDING TRINKET POT,12,2009-12-01 09:28:00,1.45,12682.0,France,0,17.4,2009,12,December,4,1,Tuesday,9,1-2,426.3
489439,22138,BAKING SET 9 PIECE RETROSPOT,9,2009-12-01 09:28:00,4.95,12682.0,France,0,44.55,2009,12,December,4,1,Tuesday,9,2-5,426.3
489439,22139,RETRO SPOT TEA SET CERAMIC 11 PC,9,2009-12-01 09:28:00,4.95,12682.0,France,0,44.55,2009,12,December,4,1,Tuesday,9,2-5,426.3
489439,22352,LUNCHBOX WITH CUTLERY RETROSPOT,12,2009-12-01 09:28:00,2.55,12682.0,France,0,30.6,2009,12,December,4,1,Tuesday,9,2-5,426.3
489439,85014A,BLACK/BLUE DOTS RUFFLED UMBRELLA,3,2009-12-01 09:28:00,5.95,12682.0,France,0,17.85,2009,12,December,4,1,Tuesday,9,5-10,426.3
489439,85014B,RED/WHITE DOTS RUFFLED UMBRELLA,3,2009-12-01 09:28:00,5.95,12682.0,France,0,17.85,2009,12,December,4,1,Tuesday,9,5-10,426.3
489439,16161P,WRAP ENGLISH ROSE,25,2009-12-01 09:28:00,0.42,12682.0,France,0,10.5,2009,12,December,4,1,Tuesday,9,<=1,426.3
489439,16169N,WRAP BLUE RUSSIAN FOLKART,25,2009-12-01 09:28:00,0.42,12682.0,France,0,10.5,2009,12,December,4,1,Tuesday,9,<=1,426.3
489439,21491,SET OF THREE VINTAGE GIFT WRAPS,6,2009-12-01 09:28:00,1.95,12682.0,France,0,11.7,2009,12,December,4,1,Tuesday,9,1-2,426.3
489439,22333,RETRO SPORT PARTY BAG + STICKER SET,8,2009-12-01 09:28:00,1.65,12682.0,France,0,13.2,2009,12,December,4,1,Tuesday,9,1-2,426.3
489439,85216,ASSORTED CAKES FRIDGE MAGNETS,12,2009-12-01 09:28:00,0.65,12682.0,France,0,7.800000000000001,2009,12,December,4,1,Tuesday,9,<=1,426.3
489439,21493,VINTAGE DESIGN GIFT TAGS,12,2009-12-01 09:28:00,0.85,12682.0,France,0,10.2,2009,12,December,4,1,Tuesday,9,<=1,426.3
489439,22130,PARTY CONE CHRISTMAS DECORATION,24,2009-12-01 09:28:00,0.85,12682.0,France,0,20.4,2009,12,December,4,1,Tuesday,9,<=1,426.3
489439,22064,PINK DOUGHNUT TRINKET POT,12,2009-12-01 09:28:00,1.65,12682.0,France,0,19.8,2009,12,December,4,1,Tuesday,9,1-2,426.3
489439,21731,RED TOADSTOOL LED NIGHT LIGHT,24,2009-12-01 09:28:00,1.65,12682.0,France,0,39.6,2009,12,December,4,1,Tuesday,9,1-2,426.3
489439,85232B,SET/3 RUSSIAN DOLL STACKING TINS,6,2009-12-01 09:28:00,4.95,12682.0,France,0,29.700000000000003,2009,12,December,4,1,Tuesday,9,2-5,426.3
489439,84691,PACK 20 DOLLY PEGS,12,2009-12-01 09:28:00,0.85,12682.0,France,0,10.2,2009,12,December,4,1,Tuesday,9,<=1,426.3
489439,20749,ASSORTED COLOUR MINI CASES,2,2009-12-01 09:28:00,7.95,12682.0,France,0,15.9,2009,12,December,4,1,Tuesday,9,5-10,426.3
489439,POST,POSTAGE,3,2009-12-01 09:28:00,18.0,12682.0,France,0,54.0,2009,12,December,4,1,Tuesday,9,10-25,426.3
489440,22350,CAT BOWL,8,2009-12-01 09:43:00,2.55,18087.0,United Kingdom,0,20.4,2009,12,December,4,1,Tuesday,9,2-5,50.4
489440,22349,"DOG BOWL , CHASING BALL DESIGN",8,2009-12-01 09:43:00,3.75,18087.0,United Kingdom,0,30.0,2009,12,December,4,1,Tuesday,9,2-5,50.4
489441,22321,BIRD DECORATION RED SPOT,12,2009-12-01 09:44:00,0.72,18087.0,United Kingdom,0,8.64,2009,12,December,4,1,Tuesday,9,<=1,344.34000000000003
489441,22138,BAKING SET 9 PIECE RETROSPOT,6,2009-12-01 09:44:00,4.25,18087.0,United Kingdom,0,25.5,2009,12,December,4,1,Tuesday,9,2-5,344.34000000000003
489441,84029E,RED WOOLLY HOTTIE WHITE HEART.,36,2009-12-01 09:44:00,2.95,18087.0,United Kingdom,0,106.2,2009,12,December,4,1,Tuesday,9,2-5,344.34000000000003
489441,22111,SCOTTIE DOG HOT WATER BOTTLE,48,2009-12-01 09:44:00,4.25,18087.0,United Kingdom,0,204.0,2009,12,December,4,1,Tuesday,9,2-5,344.34000000000003
489442,21955,UNION JACK GUNS & ROSES  DOORMAT,2,2009-12-01 09:46:00,6.75,13635.0,United Kingdom,0,13.5,2009,12,December,4,1,Tuesday,9,5-10,382.37
489442,22111,SCOTTIE DOG HOT WATER BOTTLE,3,2009-12-01 09:46:00,4.95,13635.0,United Kingdom,0,14.85,2009,12,December,4,1,Tuesday,9,2-5,382.37
489442,22296,HEART IVORY TRELLIS LARGE,12,2009-12-01 09:46:00,1.65,13635.0,United Kingdom,0,19.8,2009,12,December,4,1,Tuesday,9,1-2,382.37
489442,84899E,YELLOW + BROWN BEAR FELT PURSE KIT,12,2009-12-01 09:46:00,1.25,13635.0,United Kingdom,0,15.0,2009,12,December,4,1,Tuesday,9,1-2,382.37
489442,22271,FELTCRAFT DOLL ROSIE,6,2009-12-01 09:46:00,2.95,13635.0,United Kingdom,0,17.700000000000003,2009,12,December,4,1,Tuesday,9,2-5,382.37
489442,22272,FELTCRAFT DOLL MARIA,6,2009-12-01 09:46:00,2.95,13635.0,United Kingdom,0,17.700000000000003,2009,12,December,4,1,Tuesday,9,2-5,382.37
489442,85123A,WHITE HANGING HEART T-LIGHT HOLDER,6,2009-12-01 09:46:00,2.95,13635.0,United Kingdom,0,17.700000000000003,2009,12,December,4,1,Tuesday,9,2-5,382.37
489442,21582,KINGS CHOICE SMALL TUBE MATCHES,20,2009-12-01 09:46:00,1.65,13635.0,United Kingdom,0,33.0,2009,12,December,4,1,Tuesday,9,1-2,382.37
489442,21586,KINGS CHOICE GIANT TUBE MATCHES,12,2009-12-01 09:46:00,2.55,13635.0,United Kingdom,0,30.6,2009,12,December,4,1,Tuesday,9,2-5,382.37
489442,21590,KINGS CHOICE CIGAR BOX MATCHES,48,2009-12-01 09:46:00,1.25,13635.0,United Kingdom,0,60.0,2009,12,December,4,1,Tuesday,9,1-2,382.37
489442,22091,EMPIRE TISSUE BOX,12,2009-12-01 09:46:00,1.25,13635.0,United Kingdom,0,15.0,2009,12,December,4,1,Tuesday,9,1-2,382.37
489442,84251J,"GREETING CARD, THE BLACK CAT",12,2009-12-01 09:46:00,0.42,13635.0,United Kingdom,0,5.04,2009,12,December,4,1,Tuesday,9,<=1,382.37
489442,22024,RAINY LADIES BIRTHDAY CARD,12,2009-12-01 09:46:00,0.42,13635.0,United Kingdom,0,5.04,2009,12,December,4,1,Tuesday,9,<=1,382.37
489442,22026,BANQUET BIRTHDAY  CARD,12,2009-12-01 09:46:00,0.42,13635.0,United Kingdom,0,5.04,2009,12,December,4,1,Tuesday,9,<=1,382.37
489442,22029,SPACE BOY BIRTHDAY CARD,12,2009-12-01 09:46:00,0.42,13635.0,United Kingdom,0,5.04,2009,12,December,4,1,Tuesday,9,<=1,382.37
489442,22025,RING OF ROSES BIRTHDAY CARD,12,2009-12-01 09:46:00,0.42,13635.0,United Kingdom,0,5.04,2009,12,December,4,1,Tuesday,9,<=1,382.37
489442,22031,BOTANICAL LAVENDER BIRTHDAY CARD,12,2009-12-01 09:46:00,0.42,13635.0,United Kingdom,0,5.04,2009,12,December,4,1,Tuesday,9,<=1,382.37
489442,21428,SET3 BOOK BOX GREEN GINGHAM FLOWER,4,2009-12-01 09:46:00,4.25,13635.0,United Kingdom,0,17.0,2009,12,December,4,1,Tuesday,9,2-5,382.37
489442,21430,SET/3 RED GINGHAM ROSE STORAGE BOX,4,2009-12-01 09:46:00,3.75,13635.0,United Kingdom,0,15.0,2009,12,December,4,1,Tuesday,9,2-5,382.37
489442,21916,SET 12 RETRO WHITE CHALK STICKS,24,2009-12-01 09:46:00,0.42,13635.0,United Kingdom,0,10.08,2009,12,December,4,1,Tuesday,9,<=1,382.37
489442,21790,VINTAGE SNAP CARDS,12,2009-12-01 09:46:00,0.85,13635.0,United Kingdom,0,10.2,2009,12,December,4,1,Tuesday,9,<=1,382.37
489442,21888,BINGO SET,8,2009-12-01 09:46:00,3.75,13635.0,United Kingdom,0,30.0,2009,12,December,4,1,Tuesday,9,2-5,382.37
489442,85178,VICTORIAN SEWING KIT,12,2009-12-01 09:46:00,1.25,13635.0,United Kingdom,0,15.0,2009,12,December,4,1,Tuesday,9,1-2,382.37
489443,20754,RETRO RED SPOTTY WASHING UP GLOVES,6,2009-12-01 09:50:00,2.1,14110.0,United Kingdom,0,12.6,2009,12,December,4,1,Tuesday,9,2-5,285.06
489443,21035,SET/2 RED SPOTTY TEA TOWELS,12,2009-12-01 09:50:00,2.95,14110.0,United Kingdom,0,35.400000000000006,2009,12,December,4,1,Tuesday,9,2-5,285.06
489443,22041,"RECORD FRAME 7"" SINGLE SIZE",48,2009-12-01 09:50:00,2.1,14110.0,United Kingdom,0,100.8,2009,12,December,4,1,Tuesday,9,2-5,285.06
489443,82001S,VINYL RECORD FRAME SILVER,24,2009-12-01 09:50:00,3.39,14110.0,United Kingdom,0,81.36,2009,12,December,4,1,Tuesday,9,2-5,285.06
489443,82580,BATHROOM METAL SIGN,12,2009-12-01 09:50:00,0.55,14110.0,United Kingdom,0,6.6000000000000005,2009,12,December,4,1,Tuesday,9,<=1,285.06
489443,85150,LADIES & GENTLEMEN METAL SIGN,12,2009-12-01 09:50:00,2.55,14110.0,United Kingdom,0,30.6,2009,12,December,4,1,Tuesday,9,2-5,285.06
489443,21041,RED SPOTTY OVEN GLOVE DOUBLE,6,2009-12-01 09:50:00,2.95,14110.0,United Kingdom,0,17.700000000000003,2009,12,December,4,1,Tuesday,9,2-5,285.06
489444,POST,POSTAGE,1,2009-12-01 09:55:00,141.0,12636.0,USA,0,141.0,2009,12,December,4,1,Tuesday,9,50+,141.0
489445,35916C,PINK FELT HANGING HEART W FLOWER,12,2009-12-01 09:57:00,0.85,17519.0,United Kingdom,0,10.2,2009,12,December,4,1,Tuesday,9,<=1,308.44
489445,35916B,BLUE FELT HANGING HEART W FLOWER,12,2009-12-01 09:57:00,0.85,17519.0,United Kingdom,0,10.2,2009,12,December,4,1,Tuesday,9,<=1,308.44
489445,22321,BIRD DECORATION RED SPOT,24,2009-12-01 09:57:00,0.85,17519.0,United Kingdom,0,20.4,2009,12,December,4,1,Tuesday,9,<=1,308.44
489445,22130,PARTY CONE CHRISTMAS DECORATION,12,2009-12-01 09:57:00,0.85,17519.0,United Kingdom,0,10.2,2009,12,December,4,1,Tuesday,9,<=1,308.44
489445,22180,RETRO SPOT LAMP,2,2009-12-01 09:57:00,9.95,17519.0,United Kingdom,0,19.9,2009,12,December,4,1,Tuesday,9,5-10,308.44
489445,22128,PARTY CONES CANDY ASSORTED,12,2009-12-01 09:57:00,1.25,17519.0,United Kingdom,0,15.0,2009,12,December,4,1,Tuesday,9,1-2,308.44
489445,22163,HEART STRING MEMO HOLDER HANGING,6,2009-12-01 09:57:00,2.95,17519.0,United Kingdom,0,17.700000000000003,2009,12,December,4,1,Tuesday,9,2-5,308.44
489445,35951,FOLKART BAUBLE CHRISTMAS DECORATION,48,2009-12-01 09:57:00,0.38,17519.0,United Kingdom,0,18.24,2009,12,December,4,1,Tuesday,9,<=1,308.44
489445,22253,6 CROCHET STRAWBERRIES,12,2009-12-01 09:57:00,1.25,17519.0,United Kingdom,0,15.0,2009,12,December,4,1,Tuesday,9,1-2,308.44
489445,84988,SET OF 72 PINK HEART PAPER DOILIES,12,2009-12-01 09:57:00,1.45,17519.0,United Kingdom,0,17.4,2009,12,December,4,1,Tuesday,9,1-2,308.44
489445,22219,LOVEBIRD HANGING DECORATION WHITE,24,2009-12-01 09:57:00,0.85,17519.0,United Kingdom,0,20.4,2009,12,December,4,1,Tuesday,9,<=1,308.44
489445,18097C,WHITE TALL PORCELAIN T-LIGHT HOLDER,6,2009-12-01 09:57:00,2.55,17519.0,United Kingdom,0,15.3,2009,12,December,4,1,Tuesday,9,2-5,308.44
489445,22138,BAKING SET 9 PIECE RETROSPOT,3,2009-12-01 09:57:00,4.95,17519.0,United Kingdom,0,14.85,2009,12,December,4,1,Tuesday,9,2-5,308.44
489445,21299,EDWARDIAN TOILET ROLL UNIT,1,2009-12-01 09:57:00,12.75,17519.0,United Kingdom,0,12.75,2009,12,December,4,1,Tuesday,9,10-25,308.44
489445,21099,SET/6 STRAWBERRY PAPER CUPS,24,2009-12-01 09:57:00,0.65,17519.0,United Kingdom,0,15.6,2009,12,December,4,1,Tuesday,9,<=1,308.44
489445,21085,SET/6 WOODLAND PAPER CUPS,24,2009-12-01 09:57:00,0.65,17519.0,United Kingdom,0,15.6,2009,12,December,4,1,Tuesday,9,<=1,308.44
489445,21929,JUMBO BAG PINK VINTAGE PAISLEY,10,2009-12-01 09:57:00,1.95,17519.0,United Kingdom,0,19.5,2009,12,December,4,1,Tuesday,9,1-2,308.44
489445,22241,"GARLAND , WOODEN  "" HAPPY EASTER""",24,2009-12-01 09:57:00,1.25,17519.0,United Kingdom,0,30.0,2009,12,December,4,1,Tuesday,9,1-2,308.44
489445,21091,SET/6 WOODLAND PAPER PLATES,12,2009-12-01 09:57:00,0.85,17519.0,United Kingdom,0,10.2,2009,12,December,4,1,Tuesday,9,<=1,308.44
489446,21733,RED HANGING HEART T-LIGHT HOLDER,32,2009-12-01 10:06:00,2.55,13758.0,United Kingdom,0,81.6,2009,12,December,4,1,Tuesday,10,2-5,996.1
489446,85123A,WHITE HANGING HEART T-LIGHT HOLDER,32,2009-12-01 10:06:00,2.55,13758.0,United Kingdom,0,81.6,2009,12,December,4,1,Tuesday,10,2-5,996.1
489446,22178,VICTORIAN GLASS HANGING T-LIGHT,12,2009-12-01 10:06:00,1.25,13758.0,United Kingdom,0,15.0,2009,12,December,4,1,Tuesday,10,1-2,996.1
489446,22125,UNION JACK HOT WATER BOTTLE,12,2009-12-01 10:06:00,5.95,13758.0,United Kingdom,0,71.4,2009,12,December,4,1,Tuesday,10,5-10,996.1
489446,21671,RED SPOT CERAMIC DRAWER KNOB,12,2009-12-01 10:06:00,1.25,13758.0,United Kingdom,0,15.0,2009,12,December,4,1,Tuesday,10,1-2,996.1
489446,22086,PAPER CHAIN KIT 50'S CHRISTMAS,12,2009-12-01 10:06:00,2.95,13758.0,United Kingdom,0,35.400000000000006,2009,12,December,4,1,Tuesday,10,2-5,996.1
489446,22111,SCOTTIE DOG HOT WATER BOTTLE,6,2009-12-01 10:06:00,4.95,13758.0,United Kingdom,0,29.700000000000003,2009,12,December,4,1,Tuesday,10,2-5,996.1
489446,22112,CHOCOLATE HOT WATER BOTTLE,12,2009-12-01 10:06:00,4.95,13758.0,United Kingdom,0,59.400000000000006,2009,12,December,4,1,Tuesday,10,2-5,996.1
489446,22294,HEART FILIGREE DOVE  SMALL,24,2009-12-01 10:06:00,1.25,13758.0,United Kingdom,0,30.0,2009,12,December,4,1,Tuesday,10,1-2,996.1
489446,22199,FRYING PAN RED POLKADOT,4,2009-12-01 10:06:00,4.25,13758.0,United Kingdom,0,17.0,2009,12,December,4,1,Tuesday,10,2-5,996.1
489446,22083,PAPER CHAIN KIT RETRO SPOT,24,2009-12-01 10:06:00,2.95,13758.0,United Kingdom,0,70.80000000000001,2009,12,December,4,1,Tuesday,10,2-5,996.1
489446,22114,HOT WATER BOTTLE TEA AND SYMPATHY,12,2009-12-01 10:06:00,3.95,13758.0,United Kingdom,0,47.400000000000006,2009,12,December,4,1,Tuesday,10,2-5,996.1
489446,21485,RED SPOT HEART HOT WATER BOTTLE,12,2009-12-01 10:06:00,4.95,13758.0,United Kingdom,0,59.400000000000006,2009,12,December,4,1,Tuesday,10,2-5,996.1
489446,21928,JUMBO BAG SCANDINAVIAN PAISLEY,10,2009-12-01 10:06:00,1.95,13758.0,United Kingdom,0,19.5,2009,12,December,4,1,Tuesday,10,1-2,996.1
489446,21929,JUMBO BAG PINK VINTAGE PAISLEY,10,2009-12-01 10:06:00,1.95,13758.0,United Kingdom,0,19.5,2009,12,December,4,1,Tuesday,10,1-2,996.1
489446,85099B,JUMBO BAG RED WHITE SPOTTY,20,2009-12-01 10:06:00,1.95,13758.0,United Kingdom,0,39.0,2009,12,December,4,1,Tuesday,10,1-2,996.1
489446,22356,"CHARLOTTE BAG , PINK/WHITE SPOTS",10,2009-12-01 10:06:00,0.85,13758.0,United Kingdom,0,8.5,2009,12,December,4,1,Tuesday,10,<=1,996.1
489446,20724,RED SPOTTY CHARLOTTE BAG,10,2009-12-01 10:06:00,0.85,13758.0,United Kingdom,0,8.5,2009,12,December,4,1,Tuesday,10,<=1,996.1
489446,21590,KINGS CHOICE CIGAR BOX MATCHES,24,2009-12-01 10:06:00,1.25,13758.0,United Kingdom,0,30.0,2009,12,December,4,1,Tuesday,10,1-2,996.1
489446,21592,RETRO SPOT  CIGAR BOX MATCHES,24,2009-12-01 10:06:00,1.25,13758.0,United Kingdom,0,30.0,2009,12,December,4,1,Tuesday,10,1-2,996.1
489446,20725,LUNCH BAG RED SPOTTY,10,2009-12-01 10:06:00,1.65,13758.0,United Kingdom,0,16.5,2009,12,December,4,1,Tuesday,10,1-2,996.1
489446,20728,LUNCH BAG CARS BLUE,10,2009-12-01 10:06:00,1.65,13758.0,United Kingdom,0,16.5,2009,12,December,4,1,Tuesday,10,1-2,996.1
489446,20726,LUNCH BAG WOODLAND,10,2009-12-01 10:06:00,1.65,13758.0,United Kingdom,0,16.5,2009,12,December,4,1,Tuesday,10,1-2,996.1
489446,20754,RETRO RED SPOTTY WASHING UP GLOVES,12,2009-12-01 10:06:00,2.1,13758.0,United Kingdom,0,25.200000000000003,2009,12,December,4,1,Tuesday,10,2-5,996.1
489446,21217,RED SPOTTY ROUND CAKE TINS,12,2009-12-01 10:06:00,8.95,13758.0,United Kingdom,0,107.4,2009,12,December,4,1,Tuesday,10,5-10,996.1
489446,22195,LARGE HEART MEASURING SPOONS,12,2009-12-01 10:06:00,1.65,13758.0,United Kingdom,0,19.8,2009,12,December,4,1,Tuesday,10,1-2,996.1
489446,85066,CREAM SWEETHEART MINI CHEST,2,2009-12-01 10:06:00,12.75,13758.0,United Kingdom,0,25.5,2009,12,December,4,1,Tuesday,10,10-25,996.1
489447,POST,POSTAGE,1,2009-12-01 10:10:00,130.0,12362.0,Belgium,0,130.0,2009,12,December,4,1,Tuesday,10,50+,130.0
489448,20827,GOLD APERITIF GLASS,48,2009-12-01 10:18:00,2.12,15413.0,United Kingdom,0,101.76,2009,12,December,4,1,Tuesday,10,2-5,570.24
489448,20825,GOLD WINE GLASS,48,2009-12-01 10:18:00,3.39,15413.0,United Kingdom,0,162.72,2009,12,December,4,1,Tuesday,10,2-5,570.24
489448,20823,GOLD WINE GOBLET,48,2009-12-01 10:18:00,4.25,15413.0,United Kingdom,0,204.0,2009,12,December,4,1,Tuesday,10,2-5,570.24
489448,20826,SILVER APERITIF GLASS,48,2009-12-01 10:18:00,2.12,15413.0,United Kingdom,0,101.76,2009,12,December,4,1,Tuesday,10,2-5,570.24
489450,22087,PAPER BUNTING WHITE LACE,12,2009-12-01 10:36:00,2.95,16321.0,Australia,0,35.400000000000006,2009,12,December,4,1,Tuesday,10,2-5,196.1
489450,85206A,CREAM FELT EASTER EGG BASKET,6,2009-12-01 10:36:00,1.65,16321.0,Australia,0,9.9,2009,12,December,4,1,Tuesday,10,1-2,196.1
489450,21895,POTTING SHED SOW 'N' GROW SET,4,2009-12-01 10:36:00,4.25,16321.0,Australia,0,17.0,2009,12,December,4,1,Tuesday,10,2-5,196.1
489450,21896,POTTING SHED TWINE,6,2009-12-01 10:36:00,2.1,16321.0,Australia,0,12.6,2009,12,December,4,1,Tuesday,10,2-5,196.1
489450,22083,PAPER CHAIN KIT RETRO SPOT,12,2009-12-01 10:36:00,2.95,16321.0,Australia,0,35.400000000000006,2009,12,December,4,1,Tuesday,10,2-5,196.1
489450,21871,SAVE THE PLANET MUG,12,2009-12-01 10:36:00,1.25,16321.0,Australia,0,15.0,2009,12,December,4,1,Tuesday,10,1-2,196.1
489450,84946,ANTIQUE SILVER TEA GLASS ETCHED,12,2009-12-01 10:36:00,1.25,16321.0,Australia,0,15.0,2009,12,December,4,1,Tuesday,10,1-2,196.1
489450,84970S,HANGING HEART ZINC T-LIGHT HOLDER,24,2009-12-01 10:36:00,0.85,16321.0,Australia,0,20.4,2009,12,December,4,1,Tuesday,10,<=1,196.1
489450,22090,PAPER BUNTING RETRO SPOTS,12,2009-12-01 10:36:00,2.95,16321.0,Australia,0,35.400000000000006,2009,12,December,4,1,Tuesday,10,2-5,196.1
489460,79323P,PINK CHERRY LIGHTS,8,2009-12-01 10:46:00,6.75,16167.0,United Kingdom,0,54.0,2009,12,December,4,1,Tuesday,10,5-10,485.79
489460,21977,PACK OF 60 PINK PAISLEY CAKE CASES,24,2009-12-01 10:46:00,0.55,16167.0,United Kingdom,0,13.2,2009,12,December,4,1,Tuesday,10,<=1,485.79
489460,84991,60 TEATIME FAIRY CAKE CASES,24,2009-12-01 10:46:00,0.55,16167.0,United Kingdom,0,13.2,2009,12,December,4,1,Tuesday,10,<=1,485.79
489460,22274,FELTCRAFT DOLL EMILY,6,2009-12-01 10:46:00,2.95,16167.0,United Kingdom,0,17.700000000000003,2009,12,December,4,1,Tuesday,10,2-5,485.79
489460,22273,FELTCRAFT DOLL MOLLY,6,2009-12-01 10:46:00,2.95,16167.0,United Kingdom,0,17.700000000000003,2009,12,December,4,1,Tuesday,10,2-5,485.79
489460,22179,SET 10 LIGHTS NIGHT OWL,4,2009-12-01 10:46:00,6.75,16167.0,United Kingdom,0,27.0,2009,12,December,4,1,Tuesday,10,5-10,485.79
489460,22320,BIRDS MOBILE VINTAGE DESIGN,3,2009-12-01 10:46:00,5.95,16167.0,United Kingdom,0,17.85,2009,12,December,4,1,Tuesday,10,5-10,485.79
489460,22232,3 PIECE JIGSAW TOADSTOOLS,8,2009-12-01 10:46:00,1.65,16167.0,United Kingdom,0,13.2,2009,12,December,4,1,Tuesday,10,1-2,485.79
489460,84598,BOYS ALPHABET IRON ON PATCHES,576,2009-12-01 10:46:00,0.21,16167.0,United Kingdom,0,120.96,2009,12,December,4,1,Tuesday,10,<=1,485.79
489460,79323W,WHITE CHERRY LIGHTS,8,2009-12-01 10:46:00,6.75,16167.0,United Kingdom,0,54.0,2009,12,December,4,1,Tuesday,10,5-10,485.79
489460,22138,BAKING SET 9 PIECE RETROSPOT,3,2009-12-01 10:46:00,4.95,16167.0,United Kingdom,0,14.85,2009,12,December,4,1,Tuesday,10,2-5,485.79
489460,22139,RETRO SPOT TEA SET CERAMIC 11 PC,3,2009-12-01 10:46:00,4.95,16167.0,United Kingdom,0,14.85,2009,12,December,4,1,Tuesday,10,2-5,485.79
489460,79323S,SILVER CHERRY LIGHTS,4,2009-12-01 10:46:00,6.75,16167.0,United Kingdom,0,27.0,2009,12,December,4,1,Tuesday,10,5-10,485.79
489460,21731,RED TOADSTOOL LED NIGHT LIGHT,12,2009-12-01 10:46:00,1.65,16167.0,United Kingdom,0,19.8,2009,12,December,4,1,Tuesday,10,1-2,485.79
489460,84568,GIRLS ALPHABET IRON ON PATCHES,288,2009-12-01 10:46:00,0.21,16167.0,United Kingdom,0,60.48,2009,12,December,4,1,Tuesday,10,<=1,485.79
489461,21668,RED STRIPE CERAMIC DRAWER KNOB,24,2009-12-01 10:49:00,1.25,17865.0,United Kingdom,0,30.0,2009,12,December,4,1,Tuesday,10,1-2,589.33
489461,21669,BLUE STRIPE CERAMIC DRAWER KNOB,24,2009-12-01 10:49:00,1.25,17865.0,United Kingdom,0,30.0,2009,12,December,4,1,Tuesday,10,1-2,589.33
489461,21670,BLUE SPOT CERAMIC DRAWER KNOB,24,2009-12-01 10:49:00,1.25,17865.0,United Kingdom,0,30.0,2009,12,December,4,1,Tuesday,10,1-2,589.33
489461,21671,RED SPOT CERAMIC DRAWER KNOB,24,2009-12-01 10:49:00,1.25,17865.0,United Kingdom,0,30.0,2009,12,December,4,1,Tuesday,10,1-2,589.33
489461,21672,WHITE SPOT RED CERAMIC DRAWER KNOB,24,2009-12-01 10:49:00,1.25,17865.0,United Kingdom,0,30.0,2009,12,December,4,1,Tuesday,10,1-2,589.33
489461,21673,WHITE SPOT BLUE CERAMIC DRAWER KNOB,24,2009-12-01 10:49:00,1.25,17865.0,United Kingdom,0,30.0,2009,12,December,4,1,Tuesday,10,1-2,589.33
489461,22125,UNION JACK HOT WATER BOTTLE,3,2009-12-01 10:49:00,5.95,17865.0,United Kingdom,0,17.85,2009,12,December,4,1,Tuesday,10,5-10,589.33
489461,21232,STRAWBERRY CERAMIC TRINKET BOX,48,2009-12-01 10:49:00,1.25,17865.0,United Kingdom,0,60.0,2009,12,December,4,1,Tuesday,10,1-2,589.33
489461,85071A,BLUE CHARLIE+LOLA PERSONAL DOORSIGN,6,2009-12-01 10:49:00,2.95,17865.0,United Kingdom,0,17.700000000000003,2009,12,December,4,1,Tuesday,10,2-5,589.33
489461,85071B,RED CHARLIE+LOLA PERSONAL DOORSIGN,6,2009-12-01 10:49:00,2.95,17865.0,United Kingdom,0,17.700000000000003,2009,12,December,4,1,Tuesday,10,2-5,589.33
489461,21161,KEEP OUT BOYS DOOR HANGER,12,2009-12-01 10:49:00,1.45,17865.0,United Kingdom,0,17.4,2009,12,December,4,1,Tuesday,10,1-2,589.33
489461,21162,TOXIC AREA  DOOR HANGER,12,2009-12-01 10:49:00,1.45,17865.0,United Kingdom,0,17.4,2009,12,December,4,1,Tuesday,10,1-2,589.33
489461,21248,DOOR HANGER  MUM + DADS ROOM,12,2009-12-01 10:49:00,1.45,17865.0,United Kingdom,0,17.4,2009,12,December,4,1,Tuesday,10,1-2,589.33
489461,21159,MOODY BOY  DOOR HANGER,12,2009-12-01 10:49:00,1.45,17865.0,United Kingdom,0,17.4,2009,12,December,4,1,Tuesday,10,1-2,589.33
489461,82582,AREA PATROLLED METAL SIGN,12,2009-12-01 10:49:00,2.1,17865.0,United Kingdom,0,25.200000000000003,2009,12,December,4,1,Tuesday,10,2-5,589.33
489461,21181,PLEASE ONE PERSON  METAL SIGN,6,2009-12-01 10:49:00,2.1,17865.0,United Kingdom,0,12.6,2009,12,December,4,1,Tuesday,10,2-5,589.33
489461,85150,LADIES & GENTLEMEN METAL SIGN,6,2009-12-01 10:49:00,2.55,17865.0,United Kingdom,0,15.3,2009,12,December,4,1,Tuesday,10,2-5,589.33
489461,82494L,WOODEN FRAME ANTIQUE WHITE,6,2009-12-01 10:49:00,2.95,17865.0,United Kingdom,0,17.700000000000003,2009,12,December,4,1,Tuesday,10,2-5,589.33
489461,82486,WOOD S/3 CABINET ANT WHITE FINISH,2,2009-12-01 10:49:00,7.95,17865.0,United Kingdom,0,15.9,2009,12,December,4,1,Tuesday,10,5-10,589.33
489461,82483,WOOD 2 DRAWER CABINET WHITE FINISH,3,2009-12-01 10:49:00,5.95,17865.0,United Kingdom,0,17.85,2009,12,December,4,1,Tuesday,10,5-10,589.33
489462,90200D,PINK SWEETHEART BRACELET,3,2009-12-01 10:49:00,4.25,17592.0,United Kingdom,0,12.75,2009,12,December,4,1,Tuesday,10,2-5,148.3
489462,90200E,GREEN SWEETHEART BRACELET,3,2009-12-01 10:49:00,4.25,17592.0,United Kingdom,0,12.75,2009,12,December,4,1,Tuesday,10,2-5,148.3
489461,21212,PACK OF 72 RETRO SPOT CAKE CASES,24,2009-12-01 10:49:00,0.55,17865.0,United Kingdom,0,13.2,2009,12,December,4,1,Tuesday,10,<=1,589.33
489461,84991,60 TEATIME FAIRY CAKE CASES,24,2009-12-01 10:49:00,0.55,17865.0,United Kingdom,0,13.2,2009,12,December,4,1,Tuesday,10,<=1,589.33
489461,22180,RETRO SPOT LAMP,2,2009-12-01 10:49:00,9.95,17865.0,United Kingdom,0,19.9,2009,12,December,4,1,Tuesday,10,5-10,589.33
489461,72756,FAIRY CAKE CANDLES,27,2009-12-01 10:49:00,1.49,17865.0,United Kingdom,0,40.23,2009,12,December,4,1,Tuesday,10,1-2,589.33
489461,22063,CERAMIC BOWL WITH STRAWBERRY DESIGN,6,2009-12-01 10:49:00,2.95,17865.0,United Kingdom,0,17.700000000000003,2009,12,December,4,1,Tuesday,10,2-5,589.33
489461,37450,CERAMIC CAKE BOWL + HANGING CAKES,6,2009-12-01 10:49:00,2.95,17865.0,United Kingdom,0,17.700000000000003,2009,12,December,4,1,Tuesday,10,2-5,589.33
489462,90200A,PURPLE SWEETHEART BRACELET,3,2009-12-01 10:49:00,4.25,17592.0,United Kingdom,0,12.75,2009,12,December,4,1,Tuesday,10,2-5,148.3
489462,90200C,BLUE SWEETHEART BRACELET,3,2009-12-01 10:49:00,4.25,17592.0,United Kingdom,0,12.75,2009,12,December,4,1,Tuesday,10,2-5,148.3
489462,90200B,BLACK SWEETHEART BRACELET,3,2009-12-01 10:49:00,4.25,17592.0,United Kingdom,0,12.75,2009,12,December,4,1,Tuesday,10,2-5,148.3
489462,90185C,BLACK DIAMANTE EXPANDABLE RING,3,2009-12-01 10:49:00,4.25,17592.0,United Kingdom,0,12.75,2009,12,December,4,1,Tuesday,10,2-5,148.3
489462,90185B,AMETHYST DIAMANTE EXPANDABLE RING,3,2009-12-01 10:49:00,4.25,17592.0,United Kingdom,0,12.75,2009,12,December,4,1,Tuesday,10,2-5,148.3
489462,90003C,MIDNIGHT BLUE PAIR HEART HAIR SLIDE,3,2009-12-01 10:49:00,3.75,17592.0,United Kingdom,0,11.25,2009,12,December,4,1,Tuesday,10,2-5,148.3
489462,90003D,CRYSTAL PAIR HEART HAIR SLIDES,3,2009-12-01 10:49:00,3.75,17592.0,United Kingdom,0,11.25,2009,12,December,4,1,Tuesday,10,2-5,148.3
489462,90003B,ROSE COLOUR PAIR HEART HAIR SLIDES,3,2009-12-01 10:49:00,3.75,17592.0,United Kingdom,0,11.25,2009,12,December,4,1,Tuesday,10,2-5,148.3
489462,90209C,PINK ENAMEL+GLASS HAIR COMB,3,2009-12-01 10:49:00,2.1,17592.0,United Kingdom,0,6.300000000000001,2009,12,December,4,1,Tuesday,10,2-5,148.3
489462,90209A,PURPLE ENAMEL+GLASS HAIR COMB,3,2009-12-01 10:49:00,2.1,17592.0,United Kingdom,0,6.300000000000001,2009,12,December,4,1,Tuesday,10,2-5,148.3
489462,90082D,DIAMANTE BOW BROOCH BLACK COLOUR,2,2009-12-01 10:49:00,6.35,17592.0,United Kingdom,0,12.7,2009,12,December,4,1,Tuesday,10,5-10,148.3
489465,21707,"FOLDING UMBRELLA , BLACK/BLUE  SPOT",12,2009-12-01 10:52:00,4.95,13767.0,United Kingdom,0,59.400000000000006,2009,12,December,4,1,Tuesday,10,2-5,1197.8000000000002
489465,21710,FOLDING UMBRELLA  PINK/WHITE  SPOT,12,2009-12-01 10:52:00,4.95,13767.0,United Kingdom,0,59.400000000000006,2009,12,December,4,1,Tuesday,10,2-5,1197.8000000000002
489465,21708,FOLDING UMBRELLA  CREAM/MULTI  SPOT,12,2009-12-01 10:52:00,4.95,13767.0,United Kingdom,0,59.400000000000006,2009,12,December,4,1,Tuesday,10,2-5,1197.8000000000002
489465,21706,"FOLDING UMBRELLA , RED/WHITE SPOT",12,2009-12-01 10:52:00,4.95,13767.0,United Kingdom,0,59.400000000000006,2009,12,December,4,1,Tuesday,10,2-5,1197.8000000000002
489465,21711,FOLDING UMBRELLA  WHITE/RED  SPOT,12,2009-12-01 10:52:00,4.95,13767.0,United Kingdom,0,59.400000000000006,2009,12,December,4,1,Tuesday,10,2-5,1197.8000000000002
489465,20747,PICCADILLY TEA SET,4,2009-12-01 10:52:00,14.95,13767.0,United Kingdom,0,59.8,2009,12,December,4,1,Tuesday,10,10-25,1197.8000000000002
489465,22125,UNION JACK HOT WATER BOTTLE,12,2009-12-01 10:52:00,5.95,13767.0,United Kingdom,0,71.4,2009,12,December,4,1,Tuesday,10,5-10,1197.8000000000002
489465,85123A,WHITE HANGING HEART T-LIGHT HOLDER,64,2009-12-01 10:52:00,2.55,13767.0,United Kingdom,0,163.2,2009,12,December,4,1,Tuesday,10,2-5,1197.8000000000002
489465,21733,RED HANGING HEART T-LIGHT HOLDER,20,2009-12-01 10:52:00,2.95,13767.0,United Kingdom,0,59.0,2009,12,December,4,1,Tuesday,10,2-5,1197.8000000000002
489465,20752,RETRO BLUE SPOTTY WASHING UP GLOVES,8,2009-12-01 10:52:00,2.1,13767.0,United Kingdom,0,16.8,2009,12,December,4,1,Tuesday,10,2-5,1197.8000000000002
489465,20753,RETRO PINK SPOT WASHING UP GLOVES,8,2009-12-01 10:52:00,2.1,13767.0,United Kingdom,0,16.8,2009,12,December,4,1,Tuesday,10,2-5,1197.8000000000002
489465,20754,RETRO RED SPOTTY WASHING UP GLOVES,8,2009-12-01 10:52:00,2.1,13767.0,United Kingdom,0,16.8,2009,12,December,4,1,Tuesday,10,2-5,1197.8000000000002
489465,20751,FUNKY WASHING UP GLOVES ASSORTED,12,2009-12-01 10:52:00,2.1,13767.0,United Kingdom,0,25.200000000000003,2009,12,December,4,1,Tuesday,10,2-5,1197.8000000000002
489465,48185,DOOR MAT FAIRY CAKE,4,2009-12-01 10:52:00,6.75,13767.0,United Kingdom,0,27.0,2009,12,December,4,1,Tuesday,10,5-10,1197.8000000000002
489465,22114,HOT WATER BOTTLE TEA AND SYMPATHY,12,2009-12-01 10:52:00,3.95,13767.0,United Kingdom,0,47.400000000000006,2009,12,December,4,1,Tuesday,10,2-5,1197.8000000000002
489465,21481,FAWN BLUE HOT WATER BOTTLE,8,2009-12-01 10:52:00,2.95,13767.0,United Kingdom,0,23.6,2009,12,December,4,1,Tuesday,10,2-5,1197.8000000000002
489465,85042,ANTIQUE LILY FAIRY LIGHTS,24,2009-12-01 10:52:00,4.25,13767.0,United Kingdom,0,102.0,2009,12,December,4,1,Tuesday,10,2-5,1197.8000000000002
489465,72760B,VINTAGE CREAM 3 BASKET CAKE STAND,4,2009-12-01 10:52:00,9.95,13767.0,United Kingdom,0,39.8,2009,12,December,4,1,Tuesday,10,5-10,1197.8000000000002
489465,84879,ASSORTED COLOUR BIRD ORNAMENT,160,2009-12-01 10:52:00,1.45,13767.0,United Kingdom,0,232.0,2009,12,December,4,1,Tuesday,10,1-2,1197.8000000000002
489488,84031B,CHARLIE LOLA BLUE HOT WATER BOTTLE,1,2009-12-01 10:59:00,4.65,17238.0,United Kingdom,0,4.65,2009,12,December,4,1,Tuesday,10,2-5,251.1
489488,84032A,CHARLIE+LOLA PINK HOT WATER BOTTLE,1,2009-12-01 10:59:00,2.95,17238.0,United Kingdom,0,2.95,2009,12,December,4,1,Tuesday,10,2-5,251.1
489488,84032B,CHARLIE + LOLA RED HOT WATER BOTTLE,1,2009-12-01 10:59:00,2.95,17238.0,United Kingdom,0,2.95,2009,12,December,4,1,Tuesday,10,2-5,251.1
489488,22125,UNION JACK HOT WATER BOTTLE,2,2009-12-01 10:59:00,5.95,17238.0,United Kingdom,0,11.9,2009,12,December,4,1,Tuesday,10,5-10,251.1
489488,21482,MUSHROOM BLUE HOT WATER BOTTLE,2,2009-12-01 10:59:00,2.95,17238.0,United Kingdom,0,5.9,2009,12,December,4,1,Tuesday,10,2-5,251.1
489488,21484,CHICK GREY HOT WATER BOTTLE,3,2009-12-01 10:59:00,3.45,17238.0,United Kingdom,0,10.35,2009,12,December,4,1,Tuesday,10,2-5,251.1
489488,20967,GREY FLORAL FELTCRAFT SHOULDER BAG,1,2009-12-01 10:59:00,3.75,17238.0,United Kingdom,0,3.75,2009,12,December,4,1,Tuesday,10,2-5,251.1
489488,20970,PINK FLORAL FELTCRAFT SHOULDER BAG,2,2009-12-01 10:59:00,3.75,17238.0,United Kingdom,0,7.5,2009,12,December,4,1,Tuesday,10,2-5,251.1
489488,21100,CHARLIE AND LOLA CHARLOTTE BAG,2,2009-12-01 10:59:00,1.65,17238.0,United Kingdom,0,3.3,2009,12,December,4,1,Tuesday,10,1-2,251.1
489488,84582,PINK CROCHET CAT WITH SCARF,2,2009-12-01 10:59:00,4.25,17238.0,United Kingdom,0,8.5,2009,12,December,4,1,Tuesday,10,2-5,251.1
489488,20972,PINK CREAM FELT CRAFT TRINKET BOX,3,2009-12-01 10:59:00,1.25,17238.0,United Kingdom,0,3.75,2009,12,December,4,1,Tuesday,10,1-2,251.1
489488,20971,PINK BLUE FELT CRAFT TRINKET BOX,1,2009-12-01 10:59:00,1.25,17238.0,United Kingdom,0,1.25,2009,12,December,4,1,Tuesday,10,1-2,251.1
489488,84327A,PINK JUMPER LARRY THE LAMB,2,2009-12-01 10:59:00,2.1,17238.0,United Kingdom,0,4.2,2009,12,December,4,1,Tuesday,10,2-5,251.1
489488,22125,UNION JACK HOT WATER BOTTLE,1,2009-12-01 10:59:00,5.95,17238.0,United Kingdom,0,5.95,2009,12,December,4,1,Tuesday,10,5-10,251.1
489488,21490,SET OF THREE 50'S GIFT WRAPS,3,2009-12-01 10:59:00,1.95,17238.0,United Kingdom,0,5.85,2009,12,December,4,1,Tuesday,10,1-2,251.1
489488,21063,PARTY INVITES JAZZ HEARTS,4,2009-12-01 10:59:00,0.85,17238.0,United Kingdom,0,3.4,2009,12,December,4,1,Tuesday,10,<=1,251.1
489488,21058,PARTY INVITES WOODLAND,3,2009-12-01 10:59:00,0.85,17238.0,United Kingdom,0,2.55,2009,12,December,4,1,Tuesday,10,<=1,251.1
489488,22086,PAPER CHAIN KIT 50'S CHRISTMAS,5,2009-12-01 10:59:00,2.95,17238.0,United Kingdom,0,14.75,2009,12,December,4,1,Tuesday,10,2-5,251.1
489488,84997D,PINK 3 PIECE MINI DOTS CUTLERY SET,4,2009-12-01 10:59:00,3.75,17238.0,United Kingdom,0,15.0,2009,12,December,4,1,Tuesday,10,2-5,251.1
489488,84997C,BLUE 3 PIECE MINI DOTS CUTLERY SET,4,2009-12-01 10:59:00,3.75,17238.0,United Kingdom,0,15.0,2009,12,December,4,1,Tuesday,10,2-5,251.1
489488,22301,COFFEE MUG CAT + BIRD DESIGN,2,2009-12-01 10:59:00,2.55,17238.0,United Kingdom,0,5.1,2009,12,December,4,1,Tuesday,10,2-5,251.1
489488,22300,COFFEE MUG DOG + BALL DESIGN,3,2009-12-01 10:59:00,2.55,17238.0,United Kingdom,0,7.649999999999999,2009,12,December,4,1,Tuesday,10,2-5,251.1
489488,21493,VINTAGE DESIGN GIFT TAGS,6,2009-12-01 10:59:00,0.85,17238.0,United Kingdom,0,5.1,2009,12,December,4,1,Tuesday,10,<=1,251.1
489488,21231,SWEETHEART CERAMIC TRINKET BOX,4,2009-12-01 10:59:00,1.25,17238.0,United Kingdom,0,5.0,2009,12,December,4,1,Tuesday,10,1-2,251.1
489488,20870,OPULENT VELVET CANDLE IN BOX,6,2009-12-01 10:59:00,2.1,17238.0,United Kingdom,0,12.6,2009,12,December,4,1,Tuesday,10,2-5,251.1
489488,90121B,VINTAGE ROSE BEAD BRACELET BLUE,4,2009-12-01 10:59:00,4.25,17238.0,United Kingdom,0,17.0,2009,12,December,4,1,Tuesday,10,2-5,251.1
489488,90175A,WHITE GLASS CHUNKY CHARM BRACELET,2,2009-12-01 10:59:00,8.95,17238.0,United Kingdom,0,17.9,2009,12,December,4,1,Tuesday,10,5-10,251.1
489488,90195B,BLACK GEMSTONE BRACELET,2,2009-12-01 10:59:00,8.95,17238.0,United Kingdom,0,17.9,2009,12,December,4,1,Tuesday,10,5-10,251.1
489488,90062,CARNIVAL BRACELET,2,2009-12-01 10:59:00,12.75,17238.0,United Kingdom,0,25.5,2009,12,December,4,1,Tuesday,10,10-25,251.1
489488,21930,JUMBO STORAGE BAG SKULLS,2,2009-12-01 10:59:00,1.95,17238.0,United Kingdom,0,3.9,2009,12,December,4,1,Tuesday,10,1-2,251.1
489505,21472,LADYBIRD + BEE RAFFIA FOOD COVER,6,2009-12-01 11:17:00,3.75,15712.0,United Kingdom,0,22.5,2009,12,December,4,1,Tuesday,11,2-5,255.5
489505,85099B,JUMBO BAG RED WHITE SPOTTY,10,2009-12-01 11:17:00,1.95,15712.0,United Kingdom,0,19.5,2009,12,December,4,1,Tuesday,11,1-2,255.5
489505,48185,DOOR MAT FAIRY CAKE,10,2009-12-01 11:17:00,5.95,15712.0,United Kingdom,0,59.5,2009,12,December,4,1,Tuesday,11,5-10,255.5
489505,47566B,TEA TIME PARTY BUNTING,5,2009-12-01 11:17:00,4.65,15712.0,United Kingdom,0,23.25,2009,12,December,4,1,Tuesday,11,2-5,255.5
489505,21929,JUMBO BAG PINK VINTAGE PAISLEY,10,2009-12-01 11:17:00,1.95,15712.0,United Kingdom,0,19.5,2009,12,December,4,1,Tuesday,11,1-2,255.5
489505,22139,RETRO SPOT TEA SET CERAMIC 11 PC,6,2009-12-01 11:17:00,4.95,15712.0,United Kingdom,0,29.700000000000003,2009,12,December,4,1,Tuesday,11,2-5,255.5
489505,22086,PAPER CHAIN KIT 50'S CHRISTMAS,6,2009-12-01 11:17:00,2.95,15712.0,United Kingdom,0,17.700000000000003,2009,12,December,4,1,Tuesday,11,2-5,255.5
489505,22275,WEEKEND BAG VINTAGE ROSE PAISLEY,4,2009-12-01 11:17:00,8.5,15712.0,United Kingdom,0,34.0,2009,12,December,4,1,Tuesday,11,5-10,255.5
489505,22138,BAKING SET 9 PIECE RETROSPOT,3,2009-12-01 11:17:00,4.95,15712.0,United Kingdom,0,14.85,2009,12,December,4,1,Tuesday,11,2-5,255.5
489505,21479,WHITE SKULL HOT WATER BOTTLE,4,2009-12-01 11:17:00,3.75,15712.0,United Kingdom,0,15.0,2009,12,December,4,1,Tuesday,11,2-5,255.5
489514,21791,VINTAGE HEADS AND TAILS CARD GAME,72,2009-12-01 11:21:00,1.06,15311.0,United Kingdom,0,76.32000000000001,2009,12,December,4,1,Tuesday,11,1-2,823.02
489514,84032A,CHARLIE+LOLA PINK HOT WATER BOTTLE,36,2009-12-01 11:21:00,2.55,15311.0,United Kingdom,0,91.8,2009,12,December,4,1,Tuesday,11,2-5,823.02
489514,85042,ANTIQUE LILY FAIRY LIGHTS,24,2009-12-01 11:21:00,4.25,15311.0,United Kingdom,0,102.0,2009,12,December,4,1,Tuesday,11,2-5,823.02
489514,71477,COLOUR GLASS. STAR T-LIGHT HOLDER,24,2009-12-01 11:21:00,2.75,15311.0,United Kingdom,0,66.0,2009,12,December,4,1,Tuesday,11,2-5,823.02
489514,37449,CERAMIC CAKE STAND + HANGING CAKES,8,2009-12-01 11:21:00,8.5,15311.0,United Kingdom,0,68.0,2009,12,December,4,1,Tuesday,11,5-10,823.02
489514,37446,MINI CAKE STAND WITH HANGING CAKES,32,2009-12-01 11:21:00,1.25,15311.0,United Kingdom,0,40.0,2009,12,December,4,1,Tuesday,11,1-2,823.02
489514,21955,UNION JACK GUNS & ROSES  DOORMAT,10,2009-12-01 11:21:00,5.95,15311.0,United Kingdom,0,59.5,2009,12,December,4,1,Tuesday,11,5-10,823.02
489514,21258,VICTORIAN SEWING BOX LARGE,8,2009-12-01 11:21:00,10.95,15311.0,United Kingdom,0,87.6,2009,12,December,4,1,Tuesday,11,10-25,823.02
489514,20892,SET/3 TALL GLASS CANDLE HOLDER PINK,8,2009-12-01 11:21:00,3.95,15311.0,United Kingdom,0,31.6,2009,12,December,4,1,Tuesday,11,2-5,823.02
489514,47591D,PINK FAIRY CAKE CHILD'S APRON,50,2009-12-01 11:21:00,1.65,15311.0,United Kingdom,0,82.5,2009,12,December,4,1,Tuesday,11,1-2,823.02
489514,21867,PINK UNION JACK  LUGGAGE TAG,1,2009-12-01 11:21:00,1.25,15311.0,United Kingdom,0,1.25,2009,12,December,4,1,Tuesday,11,1-2,823.02
489514,21041,RED SPOTTY OVEN GLOVE DOUBLE,5,2009-12-01 11:21:00,2.95,15311.0,United Kingdom,0,14.75,2009,12,December,4,1,Tuesday,11,2-5,823.02
489514,82551,LAUNDRY 15C METAL SIGN,2,2009-12-01 11:21:00,1.25,15311.0,United Kingdom,0,2.5,2009,12,December,4,1,Tuesday,11,1-2,823.02
489514,82567,"AIRLINE LOUNGE,METAL SIGN",1,2009-12-01 11:21:00,2.1,15311.0,United Kingdom,0,2.1,2009,12,December,4,1,Tuesday,11,2-5,823.02
489514,21161,KEEP OUT BOYS DOOR HANGER,3,2009-12-01 11:21:00,1.45,15311.0,United Kingdom,0,4.35,2009,12,December,4,1,Tuesday,11,1-2,823.02
489514,82613D,METAL SIGN CUPCAKE SINGLE HOOK,2,2009-12-01 11:21:00,1.25,15311.0,United Kingdom,0,2.5,2009,12,December,4,1,Tuesday,11,1-2,823.02
489514,21179,NO JUNK MAIL METAL SIGN,2,2009-12-01 11:21:00,1.25,15311.0,United Kingdom,0,2.5,2009,12,December,4,1,Tuesday,11,1-2,823.02
489514,21865,PINK UNION JACK  PASSPORT COVER,3,2009-12-01 11:21:00,2.1,15311.0,United Kingdom,0,6.300000000000001,2009,12,December,4,1,Tuesday,11,2-5,823.02
489514,72783,BLACK SIL'T SQU CANDLE PLATE,2,2009-12-01 11:21:00,2.1,15311.0,United Kingdom,0,4.2,2009,12,December,4,1,Tuesday,11,2-5,823.02
489514,20719,WOODLAND CHARLOTTE BAG,3,2009-12-01 11:21:00,0.85,15311.0,United Kingdom,0,2.55,2009,12,December,4,1,Tuesday,11,<=1,823.02
489514,21869,POTTING SHED COFFEE MUG,2,2009-12-01 11:21:00,1.25,15311.0,United Kingdom,0,2.5,2009,12,December,4,1,Tuesday,11,1-2,823.02
489514,21876,POTTERING MUG,2,2009-12-01 11:21:00,1.25,15311.0,United Kingdom,0,2.5,2009,12,December,4,1,Tuesday,11,1-2,823.02
489514,20754,RETRO RED SPOTTY WASHING UP GLOVES,3,2009-12-01 11:21:00,2.1,15311.0,United Kingdom,0,6.300000000000001,2009,12,December,4,1,Tuesday,11,2-5,823.02
489514,84849B,FAIRY SOAP SOAP HOLDER,2,2009-12-01 11:21:00,1.69,15311.0,United Kingdom,0,3.38,2009,12,December,4,1,Tuesday,11,1-2,823.02
489514,21864,UNION JACK FLAG PASSPORT COVER,5,2009-12-01 11:21:00,2.1,15311.0,United Kingdom,0,10.5,2009,12,December,4,1,Tuesday,11,2-5,823.02
489514,21470,FLOWER VINE RAFFIA FOOD COVER,2,2009-12-01 11:21:00,3.75,15311.0,United Kingdom,0,7.5,2009,12,December,4,1,Tuesday,11,2-5,823.02
489514,20897,VINTAGE NOTEBOOK PARIS DAYS,2,2009-12-01 11:21:00,2.95,15311.0,United Kingdom,0,5.9,2009,12,December,4,1,Tuesday,11,2-5,823.02
489514,44230,SQUARE MIRROR CURTAIN,1,2009-12-01 11:21:00,7.95,15311.0,United Kingdom,0,7.95,2009,12,December,4,1,Tuesday,11,5-10,823.02
489514,37485,ENGLISH ROSE TEA SET IN GIFT BOX,2,2009-12-01 11:21:00,4.65,15311.0,United Kingdom,0,9.3,2009,12,December,4,1,Tuesday,11,2-5,823.02
489514,84997A,GREEN 3 PIECE MINI DOTS CUTLERY SET,3,2009-12-01 11:21:00,3.75,15311.0,United Kingdom,0,11.25,2009,12,December,4,1,Tuesday,11,2-5,823.02
489514,21245,GREEN  SPOTTY PLATE,3,2009-12-01 11:21:00,1.69,15311.0,United Kingdom,0,5.07,2009,12,December,4,1,Tuesday,11,1-2,823.02
489514,21241,GREEN SPOTTY CUP,3,2009-12-01 11:21:00,0.85,15311.0,United Kingdom,0,2.55,2009,12,December,4,1,Tuesday,11,<=1,823.02
489517,21705,BAG 500G SWIRLY MARBLES,1,2009-12-01 11:34:00,1.65,16329.0,United Kingdom,0,1.65,2009,12,December,4,1,Tuesday,11,1-2,250.06
489517,21913,VINTAGE SEASIDE JIGSAW PUZZLES,1,2009-12-01 11:34:00,3.75,16329.0,United Kingdom,0,3.75,2009,12,December,4,1,Tuesday,11,2-5,250.06
489517,21912,VINTAGE SNAKES & LADDERS,1,2009-12-01 11:34:00,3.75,16329.0,United Kingdom,0,3.75,2009,12,December,4,1,Tuesday,11,2-5,250.06
489517,16207A,PINK STRAWBERRY HANDBAG,2,2009-12-01 11:34:00,2.95,16329.0,United Kingdom,0,5.9,2009,12,December,4,1,Tuesday,11,2-5,250.06
489517,21821,GLITTER STAR GARLAND WITH BELLS,1,2009-12-01 11:34:00,3.75,16329.0,United Kingdom,0,3.75,2009,12,December,4,1,Tuesday,11,2-5,250.06
489517,85123A,WHITE HANGING HEART T-LIGHT HOLDER,1,2009-12-01 11:34:00,2.95,16329.0,United Kingdom,0,2.95,2009,12,December,4,1,Tuesday,11,2-5,250.06
489517,22319,HAIRCLIPS FORTIES FABRIC ASSORTED,12,2009-12-01 11:34:00,0.65,16329.0,United Kingdom,0,7.800000000000001,2009,12,December,4,1,Tuesday,11,<=1,250.06
489517,22130,PARTY CONE CHRISTMAS DECORATION,6,2009-12-01 11:34:00,0.85,16329.0,United Kingdom,0,5.1,2009,12,December,4,1,Tuesday,11,<=1,250.06
489517,21584,RETRO SPOT SMALL TUBE MATCHES,20,2009-12-01 11:34:00,1.65,16329.0,United Kingdom,0,33.0,2009,12,December,4,1,Tuesday,11,1-2,250.06
489517,20972,PINK CREAM FELT CRAFT TRINKET BOX,1,2009-12-01 11:34:00,1.25,16329.0,United Kingdom,0,1.25,2009,12,December,4,1,Tuesday,11,1-2,250.06
489517,21791,VINTAGE HEADS AND TAILS CARD GAME,6,2009-12-01 11:34:00,1.25,16329.0,United Kingdom,0,7.5,2009,12,December,4,1,Tuesday,11,1-2,250.06
489517,21790,VINTAGE SNAP CARDS,4,2009-12-01 11:34:00,0.85,16329.0,United Kingdom,0,3.4,2009,12,December,4,1,Tuesday,11,<=1,250.06
489517,21931,JUMBO STORAGE BAG SUKI,1,2009-12-01 11:34:00,1.95,16329.0,United Kingdom,0,1.95,2009,12,December,4,1,Tuesday,11,1-2,250.06
489517,20711,JUMBO BAG TOYS,1,2009-12-01 11:34:00,1.95,16329.0,United Kingdom,0,1.95,2009,12,December,4,1,Tuesday,11,1-2,250.06
489517,47591A,CAROUSEL DES CHILD'S APRON,1,2009-12-01 11:34:00,1.65,16329.0,United Kingdom,0,1.65,2009,12,December,4,1,Tuesday,11,1-2,250.06
489517,84997B,RED 3 PIECE MINI DOTS CUTLERY SET,12,2009-12-01 11:34:00,3.75,16329.0,United Kingdom,0,45.0,2009,12,December,4,1,Tuesday,11,2-5,250.06
489517,84997A,GREEN 3 PIECE MINI DOTS CUTLERY SET,12,2009-12-01 11:34:00,3.75,16329.0,United Kingdom,0,45.0,2009,12,December,4,1,Tuesday,11,2-5,250.06
489517,21491,SET OF THREE VINTAGE GIFT WRAPS,1,2009-12-01 11:34:00,1.95,16329.0,United Kingdom,0,1.95,2009,12,December,4,1,Tuesday,11,1-2,250.06
489517,22122,SET OF 2 FANCY FONT TEA TOWELS,12,2009-12-01 11:34:00,2.95,16329.0,United Kingdom,0,35.400000000000006,2009,12,December,4,1,Tuesday,11,2-5,250.06
489517,20971,PINK BLUE FELT CRAFT TRINKET BOX,1,2009-12-01 11:34:00,1.25,16329.0,United Kingdom,0,1.25,2009,12,December,4,1,Tuesday,11,1-2,250.06
489517,21252,SET OF MEADOW  FLOWER STICKERS,1,2009-12-01 11:34:00,2.95,16329.0,United Kingdom,0,2.95,2009,12,December,4,1,Tuesday,11,2-5,250.06
489517,21837,CROSS STITCH ALPHABET CUSHION COVER,2,2009-12-01 11:34:00,5.95,16329.0,United Kingdom,0,11.9,2009,12,December,4,1,Tuesday,11,5-10,250.06
489517,84951A,S/4 PISTACHIO LOVEBIRD COASTERS,1,2009-12-01 11:34:00,2.55,16329.0,United Kingdom,0,2.55,2009,12,December,4,1,Tuesday,11,2-5,250.06
489517,22335,HEART DECORATION PAINTED ZINC,1,2009-12-01 11:34:00,0.65,16329.0,United Kingdom,0,0.65,2009,12,December,4,1,Tuesday,11,<=1,250.06
489517,21791,VINTAGE HEADS AND TAILS CARD GAME,1,2009-12-01 11:34:00,1.25,16329.0,United Kingdom,0,1.25,2009,12,December,4,1,Tuesday,11,1-2,250.06
489517,21790,VINTAGE SNAP CARDS,1,2009-12-01 11:34:00,0.85,16329.0,United Kingdom,0,0.85,2009,12,December,4,1,Tuesday,11,<=1,250.06
489517,85129A,"WHITE PEARL BEADED HEART, SMALL",1,2009-12-01 11:34:00,1.25,16329.0,United Kingdom,0,1.25,2009,12,December,4,1,Tuesday,11,1-2,250.06
489517,84791,GINGHAM HEART DECORATION,1,2009-12-01 11:34:00,2.95,16329.0,United Kingdom,0,2.95,2009,12,December,4,1,Tuesday,11,2-5,250.06
489517,21244,BLUE  SPOTTY PLATE,4,2009-12-01 11:34:00,1.69,16329.0,United Kingdom,0,6.76,2009,12,December,4,1,Tuesday,11,1-2,250.06
489517,20675,BLUE SPOTTY BOWL,4,2009-12-01 11:34:00,1.25,16329.0,United Kingdom,0,5.0,2009,12,December,4,1,Tuesday,11,1-2,250.06
489519,22086,PAPER CHAIN KIT 50'S CHRISTMAS,12,2009-12-01 11:37:00,2.95,17700.0,United Kingdom,0,35.400000000000006,2009,12,December,4,1,Tuesday,11,2-5,696.73
489519,85123A,WHITE HANGING HEART T-LIGHT HOLDER,32,2009-12-01 11:37:00,2.55,17700.0,United Kingdom,0,81.6,2009,12,December,4,1,Tuesday,11,2-5,696.73
489519,82616B,FRAPPUCINO SCARF KNITTING KIT,6,2009-12-01 11:37:00,2.95,17700.0,United Kingdom,0,17.700000000000003,2009,12,December,4,1,Tuesday,11,2-5,696.73
489519,22276,WASH BAG VINTAGE ROSE PAISLEY,6,2009-12-01 11:37:00,2.55,17700.0,United Kingdom,0,15.3,2009,12,December,4,1,Tuesday,11,2-5,696.73
489519,84912B,GREEN ROSE WASHBAG,4,2009-12-01 11:37:00,3.75,17700.0,United Kingdom,0,15.0,2009,12,December,4,1,Tuesday,11,2-5,696.73
489519,85014C,BLUE/BROWN DOTS RUFFLED UMBRELLA,3,2009-12-01 11:37:00,5.95,17700.0,United Kingdom,0,17.85,2009,12,December,4,1,Tuesday,11,5-10,696.73
489519,85014A,BLACK/BLUE DOTS RUFFLED UMBRELLA,3,2009-12-01 11:37:00,5.95,17700.0,United Kingdom,0,17.85,2009,12,December,4,1,Tuesday,11,5-10,696.73
489519,85014B,RED/WHITE DOTS RUFFLED UMBRELLA,3,2009-12-01 11:37:00,5.95,17700.0,United Kingdom,0,17.85,2009,12,December,4,1,Tuesday,11,5-10,696.73
489519,85014D,PINK/BROWN DOTS RUFFLED UMBRELLA,3,2009-12-01 11:37:00,5.95,17700.0,United Kingdom,0,17.85,2009,12,December,4,1,Tuesday,11,5-10,696.73
489519,21326,AGED GLASS SILVER T-LIGHT HOLDER,12,2009-12-01 11:37:00,0.65,17700.0,United Kingdom,0,7.800000000000001,2009,12,December,4,1,Tuesday,11,<=1,696.73
489519,84946,ANTIQUE SILVER TEA GLASS ETCHED,12,2009-12-01 11:37:00,1.25,17700.0,United Kingdom,0,15.0,2009,12,December,4,1,Tuesday,11,1-2,696.73
489519,84949,SILVER HANGING T-LIGHT HOLDER,6,2009-12-01 11:37:00,1.65,17700.0,United Kingdom,0,9.9,2009,12,December,4,1,Tuesday,11,1-2,696.73
489519,21491,SET OF THREE VINTAGE GIFT WRAPS,6,2009-12-01 11:37:00,1.95,17700.0,United Kingdom,0,11.7,2009,12,December,4,1,Tuesday,11,1-2,696.73
489519,21908,CHOCOLATE THIS WAY METAL SIGN,6,2009-12-01 11:37:00,2.1,17700.0,United Kingdom,0,12.6,2009,12,December,4,1,Tuesday,11,2-5,696.73
489519,21181,PLEASE ONE PERSON  METAL SIGN,6,2009-12-01 11:37:00,2.1,17700.0,United Kingdom,0,12.6,2009,12,December,4,1,Tuesday,11,2-5,696.73
489519,82483,WOOD 2 DRAWER CABINET WHITE FINISH,3,2009-12-01 11:37:00,5.95,17700.0,United Kingdom,0,17.85,2009,12,December,4,1,Tuesday,11,5-10,696.73
489519,79323S,SILVER CHERRY LIGHTS,4,2009-12-01 11:37:00,6.75,17700.0,United Kingdom,0,27.0,2009,12,December,4,1,Tuesday,11,5-10,696.73
489519,21371,MIRRORED WALL ART POPPIES,6,2009-12-01 11:37:00,2.55,17700.0,United Kingdom,0,15.3,2009,12,December,4,1,Tuesday,11,2-5,696.73
489519,85152,HAND OVER THE CHOCOLATE   SIGN,6,2009-12-01 11:37:00,2.1,17700.0,United Kingdom,0,12.6,2009,12,December,4,1,Tuesday,11,2-5,696.73
489519,21133,PAINTED BIRD ASSORTED CHRISTMAS,12,2009-12-01 11:37:00,1.69,17700.0,United Kingdom,0,20.28,2009,12,December,4,1,Tuesday,11,1-2,696.73
489519,20984,12 PENCILS TALL TUBE POSY,12,2009-12-01 11:37:00,0.85,17700.0,United Kingdom,0,10.2,2009,12,December,4,1,Tuesday,11,<=1,696.73
489519,20982,12 PENCILS TALL TUBE SKULLS,12,2009-12-01 11:37:00,0.85,17700.0,United Kingdom,0,10.2,2009,12,December,4,1,Tuesday,11,<=1,696.73
489519,84971L,LARGE HEART FLOWERS HOOK,12,2009-12-01 11:37:00,1.25,17700.0,United Kingdom,0,15.0,2009,12,December,4,1,Tuesday,11,1-2,696.73
489519,21912,VINTAGE SNAKES & LADDERS,8,2009-12-01 11:37:00,3.75,17700.0,United Kingdom,0,30.0,2009,12,December,4,1,Tuesday,11,2-5,696.73
489519,90168,2 DAISIES HAIR COMB,6,2009-12-01 11:37:00,2.95,17700.0,United Kingdom,0,17.700000000000003,2009,12,December,4,1,Tuesday,11,2-5,696.73
489519,84884A,ANT WHITE WIRE HEART SPIRAL,5,2009-12-01 11:37:00,3.95,17700.0,United Kingdom,0,19.75,2009,12,December,4,1,Tuesday,11,2-5,696.73
489519,79323W,WHITE CHERRY LIGHTS,4,2009-12-01 11:37:00,6.75,17700.0,United Kingdom,0,27.0,2009,12,December,4,1,Tuesday,11,5-10,696.73
489519,90013C,GREEN VINTAGE EARRINGS,4,2009-12-01 11:37:00,3.75,17700.0,United Kingdom,0,15.0,2009,12,December,4,1,Tuesday,11,2-5,696.73
489519,90023,FILIGREE DIAMANTE EARRINGS,2,2009-12-01 11:37:00,4.25,17700.0,United Kingdom,0,8.5,2009,12,December,4,1,Tuesday,11,2-5,696.73
489519,90067A,PINK VINTAGE VICTORIAN EARRINGS,6,2009-12-01 11:37:00,2.95,17700.0,United Kingdom,0,17.700000000000003,2009,12,December,4,1,Tuesday,11,2-5,696.73
489519,90067B,BROWN VINTAGE VICTORIAN EARRINGS,6,2009-12-01 11:37:00,2.95,17700.0,United Kingdom,0,17.700000000000003,2009,12,December,4,1,Tuesday,11,2-5,696.73
489519,90145,SILVER HOOP EARRINGS WITH FLOWER,2,2009-12-01 11:37:00,5.95,17700.0,United Kingdom,0,11.9,2009,12,December,4,1,Tuesday,11,5-10,696.73
489519,90000A,RASPBERRY ANT COPPER FLOWER NECKLAC,2,2009-12-01 11:37:00,5.95,17700.0,United Kingdom,0,11.9,2009,12,December,4,1,Tuesday,11,5-10,696.73
489519,90024B,NEW BAROQUE B'FLY NECKLACE RED,2,2009-12-01 11:37:00,8.5,17700.0,United Kingdom,0,17.0,2009,12,December,4,1,Tuesday,11,5-10,696.73
489519,90036D,"FLOWER GLASS GARLAND NECKL.36""BLACK",3,2009-12-01 11:37:00,7.95,17700.0,United Kingdom,0,23.85,2009,12,December,4,1,Tuesday,11,5-10,696.73
489519,90134,OLD ROSE COMBO BEAD NECKLACE,6,2009-12-01 11:37:00,2.95,17700.0,United Kingdom,0,17.700000000000003,2009,12,December,4,1,Tuesday,11,2-5,696.73
489519,90131,PINK/AMETHYST/GOLD NECKLACE,2,2009-12-01 11:37:00,6.95,17700.0,United Kingdom,0,13.9,2009,12,December,4,1,Tuesday,11,5-10,696.73
489519,90199C,5 STRAND GLASS NECKLACE CRYSTAL,2,2009-12-01 11:37:00,6.35,17700.0,United Kingdom,0,12.7,2009,12,December,4,1,Tuesday,11,5-10,696.73
489520,35751C,PURPLE CURRENT CANDLE RING,12,2009-12-01 11:41:00,0.75,14911.0,EIRE,0,9.0,2009,12,December,4,1,Tuesday,11,<=1,733.63
489520,72739B,WHITE CHOCOLATE SCENT CANDLE,12,2009-12-01 11:41:00,1.25,14911.0,EIRE,0,15.0,2009,12,December,4,1,Tuesday,11,1-2,733.63
489520,22114,HOT WATER BOTTLE TEA AND SYMPATHY,8,2009-12-01 11:41:00,3.95,14911.0,EIRE,0,31.6,2009,12,December,4,1,Tuesday,11,2-5,733.63
489520,22212,FOUR HOOK  WHITE LOVEBIRDS,6,2009-12-01 11:41:00,2.1,14911.0,EIRE,0,12.6,2009,12,December,4,1,Tuesday,11,2-5,733.63
489520,21523,FANCY FONT HOME SWEET HOME DOORMAT,2,2009-12-01 11:41:00,6.75,14911.0,EIRE,0,13.5,2009,12,December,4,1,Tuesday,11,5-10,733.63
489520,48187,DOOR MAT NEW ENGLAND,2,2009-12-01 11:41:00,6.75,14911.0,EIRE,0,13.5,2009,12,December,4,1,Tuesday,11,5-10,733.63
489520,48195,DOOR MAT GREEN PAISLEY,2,2009-12-01 11:41:00,6.75,14911.0,EIRE,0,13.5,2009,12,December,4,1,Tuesday,11,5-10,733.63
489520,72741,GRAND CHOCOLATECANDLE,36,2009-12-01 11:41:00,1.45,14911.0,EIRE,0,52.2,2009,12,December,4,1,Tuesday,11,1-2,733.63
489520,85232D,SET/3 DECOUPAGE STACKING TINS,3,2009-12-01 11:41:00,4.95,14911.0,EIRE,0,14.85,2009,12,December,4,1,Tuesday,11,2-5,733.63
489520,20828,GLITTER BUTTERFLY CLIPS,6,2009-12-01 11:41:00,2.55,14911.0,EIRE,0,15.3,2009,12,December,4,1,Tuesday,11,2-5,733.63
489520,22080,RIBBON REEL SPOTS DESIGN,10,2009-12-01 11:41:00,1.65,14911.0,EIRE,0,16.5,2009,12,December,4,1,Tuesday,11,1-2,733.63
489520,22082,RIBBON REEL STRIPES DESIGN,10,2009-12-01 11:41:00,1.65,14911.0,EIRE,0,16.5,2009,12,December,4,1,Tuesday,11,1-2,733.63
489520,21754,HOME BUILDING BLOCK WORD,6,2009-12-01 11:41:00,5.95,14911.0,EIRE,0,35.7,2009,12,December,4,1,Tuesday,11,5-10,733.63
489520,21784,SHOE SHINE BOX,4,2009-12-01 11:41:00,9.95,14911.0,EIRE,0,39.8,2009,12,December,4,1,Tuesday,11,5-10,733.63
489520,21172,PARTY METAL SIGN,12,2009-12-01 11:41:00,1.45,14911.0,EIRE,0,17.4,2009,12,December,4,1,Tuesday,11,1-2,733.63
489520,21181,PLEASE ONE PERSON  METAL SIGN,6,2009-12-01 11:41:00,2.1,14911.0,EIRE,0,12.6,2009,12,December,4,1,Tuesday,11,2-5,733.63
489520,82600,NO SINGING METAL SIGN,12,2009-12-01 11:41:00,2.1,14911.0,EIRE,0,25.200000000000003,2009,12,December,4,1,Tuesday,11,2-5,733.63
489520,22282,12 EGG HOUSE PAINTED WOOD,4,2009-12-01 11:41:00,12.75,14911.0,EIRE,0,51.0,2009,12,December,4,1,Tuesday,11,10-25,733.63
489520,21842,PINK HEART CANDY BUTTON CALCULATOR,54,2009-12-01 11:41:00,2.55,14911.0,EIRE,0,137.7,2009,12,December,4,1,Tuesday,11,2-5,733.63
489520,22089,PAPER BUNTING VINTAGE PAISLEY,6,2009-12-01 11:41:00,2.95,14911.0,EIRE,0,17.700000000000003,2009,12,December,4,1,Tuesday,11,2-5,733.63
489520,21430,SET/3 RED GINGHAM ROSE STORAGE BOX,4,2009-12-01 11:41:00,3.75,14911.0,EIRE,0,15.0,2009,12,December,4,1,Tuesday,11,2-5,733.63
489520,20734,SILVER MINI TAPE MEASURE,10,2009-12-01 11:41:00,0.85,14911.0,EIRE,0,8.5,2009,12,December,4,1,Tuesday,11,<=1,733.63
489520,21133,PAINTED BIRD ASSORTED CHRISTMAS,12,2009-12-01 11:41:00,1.69,14911.0,EIRE,0,20.28,2009,12,December,4,1,Tuesday,11,1-2,733.63
489520,35071,ASSORTED SANTA CHRISTMAS DECORATION,12,2009-12-01 11:41:00,0.85,14911.0,EIRE,0,10.2,2009,12,December,4,1,Tuesday,11,<=1,733.63
489520,22083,PAPER CHAIN KIT RETRO SPOT,6,2009-12-01 11:41:00,2.95,14911.0,EIRE,0,17.700000000000003,2009,12,December,4,1,Tuesday,11,2-5,733.63
489520,22086,PAPER CHAIN KIT 50'S CHRISTMAS,6,2009-12-01 11:41:00,2.95,14911.0,EIRE,0,17.700000000000003,2009,12,December,4,1,Tuesday,11,2-5,733.63
489520,22121,NOEL WOODEN BLOCK LETTERS,3,2009-12-01 11:41:00,5.95,14911.0,EIRE,0,17.85,2009,12,December,4,1,Tuesday,11,5-10,733.63
489520,21485,RED SPOT HEART HOT WATER BOTTLE,3,2009-12-01 11:41:00,4.95,14911.0,EIRE,0,14.85,2009,12,December,4,1,Tuesday,11,2-5,733.63
489520,84836,ZINC METAL HEART DECORATION,12,2009-12-01 11:41:00,1.25,14911.0,EIRE,0,15.0,2009,12,December,4,1,Tuesday,11,1-2,733.63
489520,22122,SET OF 2 FANCY FONT TEA TOWELS,12,2009-12-01 11:41:00,2.95,14911.0,EIRE,0,35.400000000000006,2009,12,December,4,1,Tuesday,11,2-5,733.63
489522,21916,SET 12 RETRO WHITE CHALK STICKS,3,2009-12-01 11:45:00,0.42,15998.0,United Kingdom,0,1.26,2009,12,December,4,1,Tuesday,11,<=1,700.31
489522,72760B,VINTAGE CREAM 3 BASKET CAKE STAND,1,2009-12-01 11:45:00,9.95,15998.0,United Kingdom,0,9.95,2009,12,December,4,1,Tuesday,11,5-10,700.31
489522,37492A,YELLOW RED FLOWER PIGGY BANK,1,2009-12-01 11:45:00,4.65,15998.0,United Kingdom,0,4.65,2009,12,December,4,1,Tuesday,11,2-5,700.31
489522,21479,WHITE SKULL HOT WATER BOTTLE,2,2009-12-01 11:45:00,3.75,15998.0,United Kingdom,0,7.5,2009,12,December,4,1,Tuesday,11,2-5,700.31
489522,10133,COLOURING PENCILS BROWN TUBE,6,2009-12-01 11:45:00,0.85,15998.0,United Kingdom,0,5.1,2009,12,December,4,1,Tuesday,11,<=1,700.31
489522,22113,GREY HEART HOT WATER BOTTLE,4,2009-12-01 11:45:00,3.45,15998.0,United Kingdom,0,13.8,2009,12,December,4,1,Tuesday,11,2-5,700.31
489522,20782,CAMOUFLAGE EAR MUFF HEADPHONES,1,2009-12-01 11:45:00,5.49,15998.0,United Kingdom,0,5.49,2009,12,December,4,1,Tuesday,11,5-10,700.31
489522,22190,LOCAL CAFE MUG,1,2009-12-01 11:45:00,2.1,15998.0,United Kingdom,0,2.1,2009,12,December,4,1,Tuesday,11,2-5,700.31
489522,22111,SCOTTIE DOG HOT WATER BOTTLE,2,2009-12-01 11:45:00,4.95,15998.0,United Kingdom,0,9.9,2009,12,December,4,1,Tuesday,11,2-5,700.31
489522,84029G,KNITTED UNION FLAG HOT WATER BOTTLE,1,2009-12-01 11:45:00,3.75,15998.0,United Kingdom,0,3.75,2009,12,December,4,1,Tuesday,11,2-5,700.31
489522,22114,HOT WATER BOTTLE TEA AND SYMPATHY,1,2009-12-01 11:45:00,3.95,15998.0,United Kingdom,0,3.95,2009,12,December,4,1,Tuesday,11,2-5,700.31
489522,21489,BLUE WHITE SCARF HOT WATER BOTTLE,1,2009-12-01 11:45:00,3.95,15998.0,United Kingdom,0,3.95,2009,12,December,4,1,Tuesday,11,2-5,700.31
489522,20987,GEISHA GIRL CHOPSTICKS SET/5,6,2009-12-01 11:45:00,1.95,15998.0,United Kingdom,0,11.7,2009,12,December,4,1,Tuesday,11,1-2,700.31
489522,20989,URBAN CHIC CHOPSTICKS SET/5,2,2009-12-01 11:45:00,1.95,15998.0,United Kingdom,0,3.9,2009,12,December,4,1,Tuesday,11,1-2,700.31
489522,21868,POTTING SHED TEA MUG,1,2009-12-01 11:45:00,1.25,15998.0,United Kingdom,0,1.25,2009,12,December,4,1,Tuesday,11,1-2,700.31
489522,21875,KINGS CHOICE MUG,1,2009-12-01 11:45:00,1.25,15998.0,United Kingdom,0,1.25,2009,12,December,4,1,Tuesday,11,1-2,700.31
489522,21869,POTTING SHED COFFEE MUG,1,2009-12-01 11:45:00,1.25,15998.0,United Kingdom,0,1.25,2009,12,December,4,1,Tuesday,11,1-2,700.31
489522,21826,EIGHT PIECE DINOSAUR SET,3,2009-12-01 11:45:00,1.25,15998.0,United Kingdom,0,3.75,2009,12,December,4,1,Tuesday,11,1-2,700.31
489522,21827,EIGHT PIECE CREEPY CRAWLIE SET,3,2009-12-01 11:45:00,1.25,15998.0,United Kingdom,0,3.75,2009,12,December,4,1,Tuesday,11,1-2,700.31
489522,21828,EIGHT PIECE SNAKE  SET,3,2009-12-01 11:45:00,1.25,15998.0,United Kingdom,0,3.75,2009,12,December,4,1,Tuesday,11,1-2,700.31
489522,16225,RATTLE SNAKE EGGS,4,2009-12-01 11:45:00,1.25,15998.0,United Kingdom,0,5.0,2009,12,December,4,1,Tuesday,11,1-2,700.31
489522,21829,DINOSAUR KEYRINGS ASSORTED,36,2009-12-01 11:45:00,0.21,15998.0,United Kingdom,0,7.56,2009,12,December,4,1,Tuesday,11,<=1,700.31
489522,21582,KINGS CHOICE SMALL TUBE MATCHES,2,2009-12-01 11:45:00,1.65,15998.0,United Kingdom,0,3.3,2009,12,December,4,1,Tuesday,11,1-2,700.31
489522,21584,RETRO SPOT SMALL TUBE MATCHES,2,2009-12-01 11:45:00,1.65,15998.0,United Kingdom,0,3.3,2009,12,December,4,1,Tuesday,11,1-2,700.31
489522,21638,ASSORTED TUTTI FRUTTI NOTEBOOK,6,2009-12-01 11:45:00,2.1,15998.0,United Kingdom,0,12.6,2009,12,December,4,1,Tuesday,11,2-5,700.31
489522,35400,WOODEN BOX ADVENT CALENDAR,2,2009-12-01 11:45:00,8.95,15998.0,United Kingdom,0,17.9,2009,12,December,4,1,Tuesday,11,5-10,700.31
489522,22218,CAKE STAND LACE WHITE,1,2009-12-01 11:45:00,4.25,15998.0,United Kingdom,0,4.25,2009,12,December,4,1,Tuesday,11,2-5,700.31
489522,22222,CAKE PLATE LOVEBIRD WHITE,1,2009-12-01 11:45:00,4.95,15998.0,United Kingdom,0,4.95,2009,12,December,4,1,Tuesday,11,2-5,700.31
489522,22300,COFFEE MUG DOG + BALL DESIGN,3,2009-12-01 11:45:00,2.55,15998.0,United Kingdom,0,7.649999999999999,2009,12,December,4,1,Tuesday,11,2-5,700.31
489522,22301,COFFEE MUG CAT + BIRD DESIGN,3,2009-12-01 11:45:00,2.55,15998.0,United Kingdom,0,7.649999999999999,2009,12,December,4,1,Tuesday,11,2-5,700.31
489522,22305,COFFEE MUG PINK PAISLEY DESIGN,3,2009-12-01 11:45:00,2.55,15998.0,United Kingdom,0,7.649999999999999,2009,12,December,4,1,Tuesday,11,2-5,700.31
489522,22304,COFFEE MUG BLUE PAISLEY DESIGN,3,2009-12-01 11:45:00,2.55,15998.0,United Kingdom,0,7.649999999999999,2009,12,December,4,1,Tuesday,11,2-5,700.31
489522,22302,COFFEE MUG PEARS  DESIGN,3,2009-12-01 11:45:00,2.55,15998.0,United Kingdom,0,7.649999999999999,2009,12,December,4,1,Tuesday,11,2-5,700.31
489522,22303,COFFEE MUG APPLES DESIGN,3,2009-12-01 11:45:00,2.55,15998.0,United Kingdom,0,7.649999999999999,2009,12,December,4,1,Tuesday,11,2-5,700.31
489522,22127,PARTY CONES CARNIVAL ASSORTED,6,2009-12-01 11:45:00,1.25,15998.0,United Kingdom,0,7.5,2009,12,December,4,1,Tuesday,11,1-2,700.31
489522,22130,PARTY CONE CHRISTMAS DECORATION,24,2009-12-01 11:45:00,0.85,15998.0,United Kingdom,0,20.4,2009,12,December,4,1,Tuesday,11,<=1,700.31
489522,21143,ANTIQUE GLASS HEART DECORATION,7,2009-12-01 11:45:00,1.95,15998.0,United Kingdom,0,13.65,2009,12,December,4,1,Tuesday,11,1-2,700.31
489522,21639,ASSORTED TUTTI FRUTTI KEYRING,10,2009-12-01 11:45:00,0.85,15998.0,United Kingdom,0,8.5,2009,12,December,4,1,Tuesday,11,<=1,700.31
489522,22154,ANGEL DECORATION 3 BUTTONS,6,2009-12-01 11:45:00,0.42,15998.0,United Kingdom,0,2.52,2009,12,December,4,1,Tuesday,11,<=1,700.31
489522,22155,STAR DECORATION RUSTIC,6,2009-12-01 11:45:00,0.42,15998.0,United Kingdom,0,2.52,2009,12,December,4,1,Tuesday,11,<=1,700.31
489522,22294,HEART FILIGREE DOVE  SMALL,6,2009-12-01 11:45:00,1.25,15998.0,United Kingdom,0,7.5,2009,12,December,4,1,Tuesday,11,1-2,700.31
489522,21133,PAINTED BIRD ASSORTED CHRISTMAS,6,2009-12-01 11:45:00,1.69,15998.0,United Kingdom,0,10.14,2009,12,December,4,1,Tuesday,11,1-2,700.31
489522,21889,WOODEN BOX OF DOMINOES,2,2009-12-01 11:45:00,1.25,15998.0,United Kingdom,0,2.5,2009,12,December,4,1,Tuesday,11,1-2,700.31
489522,85045,GREEN CHRISTMAS TREE STRING 20LIGHT,2,2009-12-01 11:45:00,4.95,15998.0,United Kingdom,0,9.9,2009,12,December,4,1,Tuesday,11,2-5,700.31
489522,85044,RED REINDEER STRING OF 20 LIGHTS,2,2009-12-01 11:45:00,4.95,15998.0,United Kingdom,0,9.9,2009,12,December,4,1,Tuesday,11,2-5,700.31
489522,21888,BINGO SET,3,2009-12-01 11:45:00,3.75,15998.0,United Kingdom,0,11.25,2009,12,December,4,1,Tuesday,11,2-5,700.31
489522,21587,COSY HOUR GIANT TUBE MATCHES,6,2009-12-01 11:45:00,2.55,15998.0,United Kingdom,0,15.3,2009,12,December,4,1,Tuesday,11,2-5,700.31
489522,21588,RETRO SPOT GIANT  TUBE MATCHES,2,2009-12-01 11:45:00,2.55,15998.0,United Kingdom,0,5.1,2009,12,December,4,1,Tuesday,11,2-5,700.31
489522,21586,KINGS CHOICE GIANT TUBE MATCHES,4,2009-12-01 11:45:00,2.55,15998.0,United Kingdom,0,10.2,2009,12,December,4,1,Tuesday,11,2-5,700.31
489522,21818,GLITTER CHRISTMAS HEART,6,2009-12-01 11:45:00,0.85,15998.0,United Kingdom,0,5.1,2009,12,December,4,1,Tuesday,11,<=1,700.31
489522,21819,GLITTER CHRISTMAS STAR,6,2009-12-01 11:45:00,0.85,15998.0,United Kingdom,0,5.1,2009,12,December,4,1,Tuesday,11,<=1,700.31
489522,21817,GLITTER CHRISTMAS TREE,6,2009-12-01 11:45:00,0.85,15998.0,United Kingdom,0,5.1,2009,12,December,4,1,Tuesday,11,<=1,700.31
489522,48111,DOOR MAT 3 SMILEY CATS,1,2009-12-01 11:45:00,6.75,15998.0,United Kingdom,0,6.75,2009,12,December,4,1,Tuesday,11,5-10,700.31
489522,20685,RED SPOTTY COIR DOORMAT,1,2009-12-01 11:45:00,6.75,15998.0,United Kingdom,0,6.75,2009,12,December,4,1,Tuesday,11,5-10,700.31
489522,48194,DOORMAT HEARTS,1,2009-12-01 11:45:00,6.75,15998.0,United Kingdom,0,6.75,2009,12,December,4,1,Tuesday,11,5-10,700.31
489522,21495,SKULLS WRAP,25,2009-12-01 11:45:00,0.42,15998.0,United Kingdom,0,10.5,2009,12,December,4,1,Tuesday,11,<=1,700.31
489522,47505,MINATURE COLOURED GARDENING SET,2,2009-12-01 11:45:00,4.95,15998.0,United Kingdom,0,9.9,2009,12,December,4,1,Tuesday,11,2-5,700.31
489522,10135,COLOURING PENCILS BROWN TUBE,6,2009-12-01 11:45:00,1.25,15998.0,United Kingdom,0,7.5,2009,12,December,4,1,Tuesday,11,1-2,700.31
489522,22125,UNION JACK HOT WATER BOTTLE,4,2009-12-01 11:45:00,5.95,15998.0,United Kingdom,0,23.8,2009,12,December,4,1,Tuesday,11,5-10,700.31
489522,37492C,GREEN BLUE FLOWER PIGGY BANK,1,2009-12-01 11:45:00,4.65,15998.0,United Kingdom,0,4.65,2009,12,December,4,1,Tuesday,11,2-5,700.31
489522,20677,PINK SPOTTY BOWL,1,2009-12-01 11:45:00,1.25,15998.0,United Kingdom,0,1.25,2009,12,December,4,1,Tuesday,11,1-2,700.31
489522,20676,RED SPOTTY BOWL,1,2009-12-01 11:45:00,1.25,15998.0,United Kingdom,0,1.25,2009,12,December,4,1,Tuesday,11,1-2,700.31
489522,20675,BLUE SPOTTY BOWL,1,2009-12-01 11:45:00,1.25,15998.0,United Kingdom,0,1.25,2009,12,December,4,1,Tuesday,11,1-2,700.31
489522,21086,SET/6 RED SPOTTY PAPER CUPS,8,2009-12-01 11:45:00,0.65,15998.0,United Kingdom,0,5.2,2009,12,December,4,1,Tuesday,11,<=1,700.31
489522,21948,SET OF 6 CAKE CHOPSTICKS,6,2009-12-01 11:45:00,1.25,15998.0,United Kingdom,0,7.5,2009,12,December,4,1,Tuesday,11,1-2,700.31
489522,21833,CAMOUFLAGE LED TORCH,12,2009-12-01 11:45:00,1.69,15998.0,United Kingdom,0,20.28,2009,12,December,4,1,Tuesday,11,1-2,700.31
489522,21832,CHOCOLATE CALCULATOR,5,2009-12-01 11:45:00,1.65,15998.0,United Kingdom,0,8.25,2009,12,December,4,1,Tuesday,11,1-2,700.31
489522,22315,200 RED + WHITE BENDY STRAWS,1,2009-12-01 11:45:00,1.25,15998.0,United Kingdom,0,1.25,2009,12,December,4,1,Tuesday,11,1-2,700.31
489522,21870,I CAN ONLY PLEASE ONE PERSON MUG,1,2009-12-01 11:45:00,1.25,15998.0,United Kingdom,0,1.25,2009,12,December,4,1,Tuesday,11,1-2,700.31
489522,82600,NO SINGING METAL SIGN,1,2009-12-01 11:45:00,2.1,15998.0,United Kingdom,0,2.1,2009,12,December,4,1,Tuesday,11,2-5,700.31
