Stock_Code,Average_Elasticity,Average_Price,Total_Quantity,Total_Revenue,Number_of_Months,Elasticity_Type
DOT,0.2165206930561234,172.39684933346575,681,97834.13,12,Positive / Unusual
POST,-0.3176675696193346,26.362857679059623,2185,46552.59,12,Inelastic
85216,-0.1877465915551659,1.9610567684630185,2559,1873.03,12,Inelastic
21533,-0.296495661829675,5.4453263409675605,1870,9296.93,12,Inelastic
21657,-0.7433930719829344,8.668367724867725,223,1715.8100000000002,12,Inelastic
40016,-0.4825521133776502,1.728526283901284,9866,3337.1,12,Inelastic
21700,-1.6250995762006832,2.7777969235657127,4020,4113.12,12,Elastic
37370,-0.5769540738300253,5.535966519745589,4551,7057.41,12,Inelastic
20724,0.2269132215562004,1.0726850128673993,13893,13051.79,12,Positive / Unusual
21983,-0.6431353791346877,0.3804945867455458,3778,1087.84,12,Inelastic
M,-0.2436697000783134,436.8434030861365,2623,207975.16,11,Inelastic
21215,-0.5250097918716992,0.8483713741695026,2859,1613.24,11,Inelastic
22080,1.1264088300713315,1.9273887042297175,2322,3919.96,11,Positive / Unusual
21975,-0.6862145257356075,0.6409828010154844,16207,7823.26,11,Inelastic
20716,-1.653430204282223,1.523832556332556,930,1196.46,11,Elastic
71279,-0.049013655172636,4.035333333333334,97,342.39000000000004,11,Inelastic
21411,0.2570679382056291,4.890234721418932,1074,4498.6,11,Positive / Unusual
20671,-0.8489198417456243,1.5178733507322024,746,975.52,11,Inelastic
20674,-1.3256762690059305,1.4591459882709883,1542,1966.66,11,Elastic
21976,-2.9038401827687177,0.7310476292366086,8181,4327.5,11,Elastic
22222,-1.0540316414607764,5.726716866466867,371,1919.73,11,Elastic
84987,-1.1717996248180336,1.7518082331860545,4331,6300.28,11,Elastic
84991,0.0171218590737582,0.6512251644542912,31529,15693.19,11,Positive / Unusual
21126,-0.9146273982688626,1.4001200970746426,920,1168.6,11,Inelastic
90129B,0.5992135272315338,2.215090909090909,67,165.4,11,Positive / Unusual
20615,1.724668086455523,2.808383116883117,200,448.97,11,Positive / Unusual
15034,-2.687642354797396,0.3629368100002071,3183,511.69000000000005,11,Elastic
21876,-0.8406597044156946,1.810784034854651,1608,2186.22,11,Inelastic
21174,-0.4937834787463063,2.323295569747358,4678,8465.619999999999,11,Inelastic
21210,-1.0764170058121174,1.7720936126416809,8002,11494.4,11,Elastic
84313B,1.6843507707973708,9.109833333333334,79,521.4200000000001,11,Positive / Unusual
21829,-1.344515334663185,0.2651903654212786,6151,1329.85,11,Elastic
21773,0.0836528425395187,2.0699997704315884,419,672.26,11,Positive / Unusual
21115,-0.0172583297147087,8.047219271318793,538,3826.37,11,Inelastic
21114,-0.263465526111386,1.8800169019302084,3943,5040.55,11,Inelastic
22283,-2.982216011790864,9.196409530551382,589,4479.59,11,Elastic
22199,0.878148709039502,5.186066612450558,752,3276.66,11,Positive / Unusual
84559B,0.4762886569210197,1.0492680725752823,778,690.6999999999999,11,Positive / Unusual
21218,0.0730494499406308,4.910395252241615,2377,9107.54,11,Positive / Unusual
22301,-1.392683345908524,3.1468405943164317,2450,6202.58,11,Elastic
20711,0.4152812322103437,2.380488508957765,6659,13106.81,11,Positive / Unusual
22031,0.325142538677138,0.5434675324675324,391,172.38,11,Positive / Unusual
22063,0.6687091963826365,3.489505802659673,1481,4312.95,11,Positive / Unusual
21507,1.6196411639846446,0.494460107522705,4249,1765.38,11,Positive / Unusual
21535,-0.2485710527792864,2.8340652344669066,3775,9461.08,11,Inelastic
84050,-0.9298594455020852,2.1762299268670517,5912,8650.49,11,Inelastic
21625,1.4211176009406743,8.041292992032123,447,3216.4,11,Positive / Unusual
21504,-1.7636129055937104,0.4556740084521751,2761,1113.74,11,Elastic
21557,1.1983915761486796,4.133220834720834,357,1223.35,11,Positive / Unusual
84406B,-0.0861772982979632,3.3939454482720817,4692,14086.78,11,Inelastic
22356,-1.5266229024440925,1.0833490883555086,9288,8729.43,11,Elastic
21643,-2.1944748735632684,1.8130930481283425,848,1176.4,11,Elastic
21672,0.5320905676975138,1.5019997003139418,4958,6234.19,11,Positive / Unusual
20846,-2.3144842767405964,1.588772727272727,618,868.26,11,Elastic
21664,0.1529728302924647,4.378022727272728,135,575.01,11,Positive / Unusual
21973,-0.5143153067089901,1.7748313656040928,1267,1839.22,11,Inelastic
22068,-1.1779542729411565,2.090571248196248,474,935.43,11,Elastic
10133,0.8979180524667913,0.9614940476190476,724,615.17,10,Positive / Unusual
18094C,-0.193269752879638,1.6469333333333331,156,197.28,10,Inelastic
21281,-0.5405867660267538,3.5037055555555554,1851,973.56,10,Inelastic
21274,-0.0964286526157156,15.129684848484848,141,1948.97,10,Inelastic
21243,-1.7025999509772158,1.8820834225317693,2405,3942.35,10,Elastic
21324,-1.6938567879276554,3.793127494727495,429,1401.5500000000002,10,Elastic
21213,-0.4355259608665663,0.7043688829228201,20930,11046.02,10,Inelastic
21108,-0.213732229844351,3.493939888408805,1860,5116.08,10,Inelastic
21125,0.4290164798273113,1.3757166666666667,759,959.55,10,Positive / Unusual
21253,0.9535439148946976,3.991571428571429,161,485.9500000000001,10,Positive / Unusual
35004C,-0.5139530754082974,7.655712081728593,1956,10137.64,10,Inelastic
20619,-2.161228581870541,2.891275613275613,152,331.44,10,Elastic
22217,-2.5168052266054524,1.5556941724941724,1067,1428.55,10,Elastic
35653,-0.3750333004109382,4.212933333333334,122,433.9,10,Inelastic
35968,1.1061228417921338,0.8147936507936508,435,211.38,10,Positive / Unusual
82597,0.6743844168061488,2.647848661387632,922,1947.5,10,Positive / Unusual
21427,-0.4308436635809601,2.830713492063492,241,471.85,10,Inelastic
20669,-0.3757951763027876,1.553688888888889,350,483.1,10,Inelastic
22057,-0.7291911412606324,2.1198394736842103,1688,2308.95,10,Inelastic
85169D,-1.41714152913886,1.8401,138,201.48,10,Elastic
22378,-1.1037110303204285,2.800844078080577,1158,2577.82,10,Elastic
84678,-0.9055876859933282,2.940915873015873,344,717.0600000000001,10,Inelastic
22025,-1.7869269392923202,0.5381005202958377,1591,668.07,10,Elastic
21447,-0.3582481709921235,1.5445305665349145,1090,1526.78,10,Inelastic
84947,1.6278884921444856,1.4412089310400766,4929,5857.89,10,Positive / Unusual
85054,-1.2723665609483028,3.6860063492063495,219,720.0500000000001,10,Elastic
21356,-0.9149969243999656,1.6326868058412174,725,990.91,10,Inelastic
21389,1.3716155311867388,1.0958928571428572,726,643.02,10,Positive / Unusual
20936,-2.245832322304264,3.634066666666667,171,397.97,10,Elastic
84970S,-1.1162063423388011,1.078678631390908,13751,11057.05,10,Elastic
21977,-1.439738980040909,0.6966025928662165,24885,12551.67,10,Elastic
21980,-0.5678236023932899,0.3652167105390634,7777,2209.8099999999995,10,Inelastic
20658,-0.2618276289206181,1.6737409958462588,931,1285.01,10,Inelastic
22037,-1.3676601731926272,0.5414042392566782,2433,1050.6,10,Elastic
21900,-0.6431225941671601,0.7823380114884546,3662,2440.23,10,Inelastic
21934,-1.1339936731087732,2.266167185367185,1622,2748.2,10,Elastic
21881,-0.0469802953827233,0.9938809523809524,185,133.38,10,Inelastic
21880,-1.4469299999848864,1.0282416666666667,503,364.36,10,Elastic
21911,0.1318503557392893,2.0938636763130183,1619,2614.55,10,Positive / Unusual
47021G,-0.2768668514737945,2.347642857142857,104,190.96,10,Inelastic
85114B,0.81461604961011,2.025307636928289,800,1475.58,10,Positive / Unusual
21544,0.3397558383971881,0.9975057494685108,3426,2764.12,10,Positive / Unusual
21578,0.3948410305246562,2.6013589899995084,1220,2841.56,10,Positive / Unusual
21677,0.0565405710942901,1.0063142857142855,972,853.8599999999999,10,Positive / Unusual
21675,2.4530682040847283,1.005527045829987,953,830.8499999999999,10,Positive / Unusual
20982,1.0334139643582596,0.9368096329757198,1595,1399.6699999999998,10,Positive / Unusual
21508,-2.0088277293151977,0.5032823658813677,3373,1404.94,10,Elastic
20970,0.2933642807985205,4.139135528287502,1026,3904.02,10,Positive / Unusual
84970L,-2.4377265820171226,1.2002764461412876,8921,8369.550000000001,10,Elastic
21534,-1.4943998461597725,5.501395683118052,458,2283.24,10,Elastic
22317,-1.4466202927541365,4.012533333333334,203,649.73,10,Elastic
85170D,0.9695986847459522,3.175333333333333,124,311.99,10,Positive / Unusual
21071,-0.953946871833654,1.5543761428973504,2538,2911.98,10,Inelastic
20981,-1.4901347259587825,0.9501546226975638,2319,1947.3,10,Elastic
85175,0.384624627541447,1.5299257927861216,8581,3682.99,10,Positive / Unusual
21398,-1.2316920714377528,2.685378571428571,325,695.7,10,Elastic
21410,-2.125605787542114,5.784483838383839,191,917.87,10,Elastic
21944,-1.3185626072054484,1.205489947089947,354,327.62,10,Elastic
21662,1.2522670672327991,6.936852380952381,156,1011.0,10,Positive / Unusual
20866,-0.307007475426459,1.5702292307692307,346,428.16,10,Inelastic
21626,-2.6789359298053887,2.4950490842490844,615,1242.19,10,Elastic
21634,-1.4423183321547306,1.754,427,555.17,10,Elastic
21942,-0.7898465880407578,1.2203690476190476,331,290.89,10,Inelastic
21986,-0.4916491831762298,0.413303119384915,4886,1689.74,10,Inelastic
22035,-2.6655151949640468,0.5449824859518021,2237,940.62,10,Elastic
21935,1.2978267977146232,2.344235833995296,2854,5314.46,10,Positive / Unusual
47504H,0.1259338624338624,4.1235,21,80.64,10,Positive / Unusual
22358,-0.1622916395322911,3.820541578728078,1380,4211.0,10,Inelastic
47480,2.6529148156556213,2.15095,700,1110.83,10,Positive / Unusual
84856L,-0.3834232943186423,8.404077828054298,193,1194.67,10,Inelastic
21709,2.433657300585099,5.715119047619048,406,1841.46,10,Positive / Unusual
21726,-0.7410890503575417,1.015973901098901,584,519.0699999999999,10,Inelastic
47504K,-2.1558621177420108,2.7573394213629507,535,844.4499999999999,10,Elastic
20832,-3.726971756517356,1.2145861344537814,519,459.96,10,Elastic
20897,0.5156863362057427,3.759066666666667,68,236.12,10,Positive / Unusual
20892,1.495290565188847,15.579666666666665,59,777.1899999999999,10,Positive / Unusual
21172,0.3466290421771598,1.7580061942332752,3475,5006.51,10,Positive / Unusual
21191,-2.275888478366349,3.06620794246404,485,1152.16,10,Elastic
79030G,0.0143858641514004,4.5005250000000006,230,534.48,10,Positive / Unusual
79067,0.5165709572028212,4.855537351781803,967,3932.01,10,Positive / Unusual
21844,-3.070110873941411,3.286615382901698,2468,7043.0,10,Elastic
21877,-1.650372246819537,1.4153755379048294,7199,7442.77,10,Elastic
21112,-1.3667652131025076,3.772507002801121,491,1487.4600000000005,10,Elastic
21195,-0.0175311722868407,3.121224542124542,239,670.7,10,Inelastic
79190A,-1.2663727641333642,0.5561952380952381,332,153.11,10,Elastic
21157,0.0524370246672237,2.9327100377692483,387,905.81,10,Positive / Unusual
21136,0.4648252978809506,2.3565905799280413,4814,7997.94,10,Positive / Unusual
21167,0.3508130091790359,0.3025857142857143,884,224.56,10,Positive / Unusual
22300,-1.8527043410248805,2.937425468409586,2036,5087.1900000000005,10,Elastic
21058,-1.6943902868553422,1.0273671644145328,955,841.0,10,Elastic
22312,-4.127358896726053,5.353042865631101,280,1154.8000000000002,10,Elastic
84536B,0.2890912324639531,0.57235055285272,966,448.57,10,Positive / Unusual
20676,-2.507913461877537,1.4732882655810515,4634,5631.12,10,Elastic
22180,3.1161670281836136,10.941439866805307,481,4929.33,10,Positive / Unusual
84535B,-2.4619696541903666,0.8251666666666667,992,686.8000000000001,10,Elastic
22269,1.913268409184245,1.4861090909090908,340,434.82,10,Positive / Unusual
22203,0.7849874417479166,4.694718127705627,540,2197.16,10,Positive / Unusual
84569D,0.5405621513476844,1.5821,356,465.16,10,Positive / Unusual
22196,-0.7276819823653323,1.1485153502859449,2293,2104.64,9,Inelastic
22181,-0.5132704584246324,1.0243214285714286,464,411.41,9,Inelastic
22183,0.6757240644467307,7.818082010582011,140,879.64,9,Positive / Unusual
22245,-0.7292370347715921,1.0814372034425743,2149,1862.05,9,Inelastic
22185,-3.389855487032163,1.8437178779413568,1750,2857.52,9,Elastic
84597C,-0.6176153754161914,1.5559629629629628,232,284.66,9,Inelastic
22151,-1.4828217231517362,0.4919726178682894,9974,4293.58,9,Elastic
22167,-0.4316996800978868,12.38294708994709,174,1820.29,9,Inelastic
22165,-2.154368245779228,16.65427829390148,165,2133.98,9,Elastic
84559A,0.7993337723177905,1.0201925925925923,583,514.03,9,Positive / Unusual
22311,0.3789695906538572,5.687058201058202,111,539.85,9,Positive / Unusual
22299,-0.4961945351843074,1.576398212898213,1248,1553.46,9,Inelastic
22316,1.1762217639880443,1.459829365079365,331,396.47,9,Positive / Unusual
22291,-0.608932636522137,1.8421976446492576,926,1347.56,9,Inelastic
22342,0.1754120377675868,2.330298174048174,515,895.9200000000001,9,Positive / Unusual
22135,-2.209470033173164,0.6821153127917834,476,247.22,9,Elastic
22284,-2.8943148377836447,2.061254094821168,800,1382.58,9,Elastic
20677,1.334588921346449,1.522890651166071,2682,3328.46,9,Positive / Unusual
20679,-3.4620115745696096,6.702023961423471,1433,8168.370000000001,9,Elastic
21070,2.020509937433093,1.556959595959596,378,408.78,9,Positive / Unusual
21064,-2.240037690067805,6.603148148148148,115,608.65,9,Elastic
85061W,0.3308501533166088,1.0432302011713777,2391,2169.36,9,Positive / Unusual
21042,-0.1705956280303458,6.63721974689811,528,3164.4,9,Inelastic
21219,-0.2054676767813866,1.6629876543209876,361,477.07,9,Inelastic
79163,0.0191983259045265,5.253703703703703,264,548.28,9,Positive / Unusual
79190B,-0.4493915058523099,0.5419259259259259,312,145.68,9,Inelastic
21188,-0.2112955918254162,3.73552380952381,409,1224.0700000000002,9,Inelastic
21090,0.6729900552461507,1.0497142857142856,294,297.69,9,Positive / Unusual
21179,1.3787860396766225,1.504584064707312,1286,1478.09,9,Positive / Unusual
21137,1.9127291987808337,4.04728927772048,5393,18621.21,9,Positive / Unusual
72819,0.6542778354182613,3.4344761904761905,106,305.44,9,Positive / Unusual
79190D,1.919650872625776,0.5075395622895623,274,123.99,9,Positive / Unusual
85040A,-1.63203237917501,2.0089473052969784,779,1322.65,9,Elastic
72807A,-0.6385889668044515,5.6961992945326285,372,1764.86,9,Inelastic
72807C,-1.6770803371276246,5.706135802469136,778,3270.44,9,Elastic
21947,-2.18390804474489,1.781730837789661,688,918.44,9,Elastic
21948,-1.868892589516795,1.809972222222222,440,583.9,9,Elastic
21874,2.228047366517417,1.6802919683050372,1928,2433.61,9,Positive / Unusual
21875,-0.2759388205137282,1.6884425667466605,2324,2583.36,9,Inelastic
21865,-4.47005908731634,2.5459734976116053,390,905.73,9,Elastic
21836,1.0760449308671909,4.519857031857033,176,718.0500000000001,9,Positive / Unusual
22352,-0.7641125193495731,3.0441921315235856,2485,6334.14,9,Inelastic
84509B,-0.9057852322099004,4.781919191919192,255,999.12,9,Inelastic
84509C,2.3067034349740654,4.759063492063492,82,327.0,9,Positive / Unusual
84761,0.3658483400666326,3.0079523809523807,259,722.88,9,Positive / Unusual
84510A,-1.54405892876123,1.6582290186606043,879,1197.09,9,Elastic
84750B,-1.9960575669988847,2.6715214045214046,328,675.64,9,Elastic
22417,0.6019030138737141,0.6832731824803627,9387,4858.91,9,Positive / Unusual
21721,1.8674896115391988,1.0956432456432457,609,551.79,9,Positive / Unusual
21781,1.874540973188349,16.316831689420635,339,5219.91,9,Positive / Unusual
85087,-0.3668154344737104,5.515555555555555,37,147.97000000000003,9,Inelastic
21755,1.6130637434081228,6.694258004502834,2545,15638.65,9,Positive / Unusual
21826,1.7883507905024476,1.405126312141018,791,1038.37,9,Positive / Unusual
84836,-1.4266945472331902,1.4044323647658856,8895,10871.25,9,Elastic
21722,-1.2686905451512946,1.2650714285714286,128,125.0,9,Elastic
21723,0.5156912645774728,1.0578531746031747,361,323.04,9,Positive / Unusual
21725,0.3365998596710401,1.1275614385614383,546,493.25999999999993,9,Positive / Unusual
21680,-2.701094358802432,1.1278921078921078,996,914.64,9,Elastic
84846A,0.8438808912062739,2.4594814814814816,130,287.77000000000004,9,Positive / Unusual
21695,-0.8708391702908622,3.963481481481482,221,707.47,9,Inelastic
21658,-2.212528693982174,5.143147287650633,1032,4261.76,9,Elastic
84882,-0.9415733563020392,5.470000000000001,24,117.09,9,Inelastic
21656,-0.7957157906151622,2.051932098765432,556,828.38,9,Inelastic
22508,0.5672649416426734,4.274277194896994,1155,4538.88,9,Positive / Unusual
84899F,-2.15345795382625,1.8286666666666664,68,110.2,9,Elastic
21641,0.756513123190113,1.272142857142857,293,278.21,9,Positive / Unusual
70006,-1.2182977401792816,2.441572437336326,829,1275.99,9,Elastic
51014L,-0.9350967568960192,0.9639484126984126,885,758.16,9,Inelastic
20867,0.5468804462865454,1.5760676328502414,327,402.57,9,Positive / Unusual
21627,1.4785055364165451,23.77522222222222,70,1435.62,9,Positive / Unusual
21929,-0.9739923907951678,2.3364681812956807,10996,20088.46,9,Inelastic
21930,2.735453979589563,2.187840593768372,4551,8678.69,9,Positive / Unusual
21931,0.3887104832318576,2.3277396348750745,10727,20630.64,9,Positive / Unusual
21933,0.0103653993945913,3.3106166815640505,701,2200.54,9,Positive / Unusual
84692,1.191120993279024,0.6043392717926003,7240,3465.13,9,Positive / Unusual
84673B,1.007894783427776,0.9328636363636362,249,177.6,9,Positive / Unusual
84685,-3.4182410658886537,6.045268518518519,155,671.53,9,Elastic
21912,-0.5146285073444453,4.371067221346478,1129,4344.88,9,Inelastic
21894,-2.8221078289964123,1.5462003367003367,488,638.86,9,Elastic
21967,-0.148729222259684,0.3894667534381181,3718,1124.2599999999998,9,Inelastic
20798,-2.742155782008669,3.027316578483245,428,988.03,9,Elastic
85129C,0.3305876680391934,1.4646296296296295,191,245.29,9,Positive / Unusual
85129D,-1.7165630692674332,1.782233660130719,400,562.1,9,Elastic
20802,-0.6743195681196646,2.1155,259,506.01,9,Inelastic
46118,-0.3612454023169118,4.236666666666667,93,140.01,9,Inelastic
46775D,0.7974580876766522,14.361507936507936,38,561.0799999999999,9,Positive / Unusual
47310M,1.2033578710562567,1.606753968253968,195,247.76,9,Positive / Unusual
37495,-1.4109695081950069,4.1804109846726805,701,2552.7,9,Elastic
37476,-0.5793041462449212,13.667777777777776,30,377.04,9,Inelastic
21673,1.8815657442016331,1.6117848553160206,3594,4612.2,9,Positive / Unusual
21547,1.5313449522002025,3.6102577044463007,371,1012.05,9,Positive / Unusual
21537,-1.53545600459022,4.827397306397306,464,1999.18,9,Elastic
21539,-1.4483740325360457,5.819883073456418,1227,6057.1900000000005,9,Elastic
21563,-2.0389479529206547,3.4748010370549074,947,2816.5,9,Elastic
21509,-0.1525179540631756,0.4861963306582965,3844,1552.49,9,Inelastic
84968A,-1.087692877576243,14.194863953545113,173,2284.53,9,Elastic
21463,-2.205985689553282,7.25062852760892,394,2304.1000000000004,9,Elastic
84969,-0.9449794864169578,5.091823145989813,269,1257.19,9,Inelastic
84950,1.8057190431434107,1.4131031746031746,1781,1372.81,9,Positive / Unusual
20992,1.368479155558635,0.92540991902834,695,601.28,9,Positive / Unusual
20978,0.770734311451704,1.5022121478739126,1668,2139.38,9,Positive / Unusual
85071B,-1.4796197205043728,2.465171957671957,726,413.26,9,Elastic
85180B,-1.4681346782661024,6.595833333333334,32,176.82,9,Elastic
85172,0.2389686755037612,1.4946831472620947,2588,1537.3200000000002,9,Positive / Unusual
85173,-2.4773038909949485,3.0387275132275127,375,645.9,9,Elastic
85174,-0.8087695937046848,6.121515091390092,446,2275.9300000000003,9,Inelastic
22348,-3.106441158352796,1.0752989680506877,5291,4416.56,9,Elastic
22335,-0.8362062051107759,0.7971591705852212,3794,2464.42,9,Inelastic
22384,1.88027891098116,1.9078706576535065,8538,13892.64,9,Positive / Unusual
84660C,-0.287888886403098,5.333833333333334,51,237.69,9,Inelastic
22324,-2.6963220104545784,3.214569745069745,209,495.71,9,Elastic
20763,-0.4943967702976024,3.7976851851851854,80,251.89,9,Inelastic
85150,-1.1287756176693131,2.9748699196185977,2797,7057.78,9,Elastic
20735,-2.2903566923158443,1.479103952692188,462,524.9499999999999,9,Elastic
20717,-1.8296372379685304,1.5917382987987565,2197,2767.12,9,Elastic
20751,2.081616277626628,2.251684404623616,1309,2772.13,9,Positive / Unusual
20752,1.1221549649772489,2.380746107321185,543,1188.68,9,Positive / Unusual
84670,0.445664464164915,0.5058703487870154,2972,1247.44,9,Positive / Unusual
22028,1.6683484827464317,0.5245055709633004,2435,1008.37,9,Positive / Unusual
84945,-1.126316939972152,2.321854233807783,9827,8044.07,9,Elastic
84946,-3.5857795709020217,1.569495658029617,10219,13627.77,9,Elastic
21418,0.08668764097051,3.354129629629629,91,254.64,9,Positive / Unusual
21422,0.1985397764671143,0.993659491742825,867,758.26,9,Positive / Unusual
21424,-0.3372602156810844,4.402259259259259,206,716.46,9,Inelastic
21415,0.9786985809072332,2.534388888888889,109,238.75000000000003,9,Positive / Unusual
82613B,-1.154370850768102,1.918186274509804,238,363.02,9,Elastic
82581,0.0463798445820393,0.6667430803610629,3201,1785.59,9,Positive / Unusual
82583,-0.3224529970154384,2.558281943581421,3064,6219.240000000001,9,Inelastic
82605,-1.3935125939214288,2.3752907964355336,166,363.63,9,Elastic
84975,-0.4972726012735216,2.036335989895772,1534,2529.02,9,Inelastic
84978,3.419648153854252,1.5135686994084183,7003,9159.63,9,Positive / Unusual
82613C,1.8392944503036,1.9824848484848483,134,217.9,9,Positive / Unusual
82613D,-2.6129889917517293,1.9509848484848484,284,436.9,9,Elastic
21408,-1.0952802145153078,6.066040564373898,184,955.46,9,Elastic
21390,-0.4431729284080597,1.4327991484526903,4723,5903.21,9,Inelastic
21392,-0.2131012881205338,2.6392777777777776,3760,734.7800000000001,9,Inelastic
20941,-0.004674909148457,1.856575757575757,343,339.37,9,Inelastic
21397,-0.1850636716056299,1.903707671957672,619,858.22,9,Inelastic
21385,-0.6599445695695763,1.0261951243486542,4891,4233.93,9,Inelastic
20681,0.4233218921999943,3.834808354866494,815,2799.83,9,Positive / Unusual
37447,-1.6027618766489231,1.953462631305373,1353,2117.64,9,Elastic
37450,-0.7851340224022887,3.3912950345414115,1103,3116.06,9,Inelastic
37340,-0.7041338306912142,4.999218253968254,5447,1183.37,9,Inelastic
35969,-1.9737795064754136,2.072009803921569,353,425.69,9,Elastic
35961,-2.179397977696076,1.2244401725944776,5155,4323.650000000001,9,Elastic
22115,-0.619307285127009,3.94946181197662,752,2182.7000000000003,9,Inelastic
22117,0.4592946898561705,3.254772758106092,284,852.44,9,Positive / Unusual
22107,-0.6563018014673597,5.207630952380953,305,1292.43,9,Inelastic
22096,0.906306423436098,1.466,201,265.11,9,Positive / Unusual
22102,0.4227581806890683,2.128055555555556,102,154.89,9,Positive / Unusual
22088,0.1406679405026101,3.5317977053354124,1728,5199.8,9,Positive / Unusual
22089,0.7819467924748509,3.353843425125615,1220,3526.71,9,Positive / Unusual
22091,0.1653999192919072,1.604292929292929,421,561.5899999999999,9,Positive / Unusual
22081,-1.534438361997403,2.157588159843061,617,1091.35,9,Elastic
22084,-1.4508266635354283,3.51610434010434,2271,6459.620000000001,9,Elastic
22064,-0.4242184539952446,2.1441381573055653,3129,5096.99,9,Inelastic
22067,-0.3570040409105295,2.131509384442717,860,1446.24,9,Inelastic
22069,0.813731711267001,2.580528758641504,335,766.39,9,Positive / Unusual
22072,-0.4313187660482848,4.492919777745125,1109,4428.89,9,Inelastic
22073,0.5568889766410883,4.522222622893346,1132,4525.6,9,Positive / Unusual
21363,-1.5604638281884493,5.835632962334151,651,3447.04,9,Elastic
84993A,2.3404558729291853,0.5076309093956153,821,356.58,9,Positive / Unusual
82567,0.2521043896381899,2.53773642807872,339,746.1700000000001,9,Positive / Unusual
85014B,0.187336568215351,6.865353114549786,1770,9023.72,9,Positive / Unusual
82578,-2.377077963888887,0.6931280533678562,1972,1095.0600000000002,9,Elastic
21313,1.2259162016302396,1.0757041938997822,2629,2240.71,9,Positive / Unusual
21287,-3.3842452713732616,1.3152777777777775,1258,649.28,9,Elastic
21278,-0.0531596414065353,3.351089225589225,1453,1040.53,9,Inelastic
21279,-2.2719205581496515,3.598409611992945,1743,758.8199999999999,9,Elastic
85034C,0.2382143652212323,5.628148148148148,96,447.9,9,Positive / Unusual
21245,1.8019311251927408,1.867469651263769,1008,1671.14,9,Positive / Unusual
21249,1.2510425939566328,3.59024244455617,551,1644.2500000000002,9,Positive / Unusual
21239,-2.6004026009614387,1.0224215231690723,3122,2704.79,9,Elastic
21212,0.3902190109505554,0.6725639470236509,41557,22030.43,9,Positive / Unusual
21244,-2.409739730578517,1.8742345214889076,1792,2910.62,9,Elastic
21284,0.737326469947026,2.1713386243386243,359,569.59,9,Positive / Unusual
21285,-2.5657114122133766,2.9213624338624338,245,501.79,9,Elastic
21111,-0.3539084729677184,3.995350762527233,264,870.5600000000001,9,Inelastic
21067,2.58411272891707,1.451825266237031,2487,1736.07,9,Positive / Unusual
21068,-0.926963446493804,1.5077047418812124,1163,1303.27,9,Inelastic
85038,0.9474582426510848,2.474373528518265,1239,2648.75,9,Positive / Unusual
22282,1.3975320486600085,17.797584883526056,142,2265.83,9,Positive / Unusual
16168M,1.2029031440603506,0.5778055555555555,415,145.47,9,Positive / Unusual
85224,-1.764438449080184,1.7196825396825397,1426,816.61,9,Elastic
17129F,-2.0734236231845564,1.476,786,905.79,9,Elastic
15044C,3.208773594315375,3.728973601561837,492,1535.72,9,Positive / Unusual
20622,0.6893624700486056,2.858037037037037,61,153.42,9,Positive / Unusual
85199S,-0.2438963050498798,0.5978991871502068,1931,885.5600000000001,9,Inelastic
35471D,-1.0645583348892322,1.8211111111111111,216,333.12,9,Elastic
22278,0.1355959690874401,6.507357311421078,385,2178.9,9,Positive / Unusual
22218,0.2585069546020009,5.3139587415372365,910,3978.92,9,Positive / Unusual
22223,-1.086099070543986,6.254168430335097,191,1084.11,9,Elastic
15044D,-2.039716299261994,3.8346936750008647,649,1879.08,9,Elastic
90129D,2.189288231148696,2.2094444444444448,36,92.01,9,Positive / Unusual
16238,-1.486239745704334,0.2991785714285714,737,169.29,8,Elastic
16237,-0.6661155023995132,0.2930919586626823,3191,704.43,8,Inelastic
22232,-2.691669748556768,2.289306818181818,212,373.74,8,Elastic
10123C,-1.784063726257659,0.7969375000000001,266,95.5,8,Elastic
16236,-2.176056526773185,0.29628125,723,162.61,8,Elastic
85185D,-1.7743370897494464,3.8009047619047625,100,322.20000000000005,8,Elastic
16219,-0.1966327357599601,0.6911458333333333,207,65.82000000000001,8,Inelastic
85177,0.0680906368581019,1.0467142857142857,449,394.61,8,Positive / Unusual
85217,-0.7052543777795612,1.5018340972752735,2449,1645.3200000000002,8,Inelastic
35809A,-0.1339408821451811,3.048346590909091,192,440.49,8,Inelastic
85212,1.208319859290035,1.1959375,201,195.96,8,Positive / Unusual
17003,-3.2575528340278894,0.2486702602952603,21012,3875.06,8,Elastic
85215,-0.8114633853757623,1.80909375,357,285.77,8,Inelastic
21774,-4.695994809289966,2.144876717778969,327,552.62,8,Elastic
22250,3.3067406383695324,1.343315476190476,435,427.85,8,Positive / Unusual
21775,-0.990967886852087,2.1879791666666666,170,315.88,8,Inelastic
21719,2.548282754015859,1.105111607142857,370,330.76,8,Positive / Unusual
21784,-0.2773379434546666,11.90117667626491,120,1385.76,8,Inelastic
21785,-2.429824755133617,1.0083035714285713,558,441.67,8,Elastic
84507B,-0.1568226528169195,3.1037113095238094,364,609.9399999999999,8,Inelastic
84755,0.8083025018447519,0.8607965863773198,18405,11314.66,8,Positive / Unusual
84760S,-0.892169061950516,2.215,122,198.32,8,Inelastic
22355,0.3932659927029405,1.1113240370008877,9265,11116.64,8,Positive / Unusual
84792,1.645062655105454,5.060543071511821,944,3970.4,8,Positive / Unusual
21794,-1.3689957302199294,8.262271825396825,142,1027.54,8,Elastic
84813,-0.2793161061921331,14.992886904761905,123,1196.82,8,Inelastic
21811,-0.5051557273317941,1.5748405448717948,988,1269.38,8,Inelastic
22179,-0.4115892076428183,8.003567595598845,631,4453.81,8,Inelastic
22184,-1.901138898693692,11.613290043290045,148,1295.64,8,Elastic
84596B,-0.031127435224082,1.439321030942741,627,787.19,8,Inelastic
22153,1.857670625549678,0.5443132918552036,2766,1197.41,8,Positive / Unusual
22202,-0.7748625695527664,5.235343280075188,482,2004.78,8,Inelastic
22208,-0.467443676936189,2.015780844155844,485,839.58,8,Inelastic
22209,1.572155688181262,1.8761235119047617,263,440.1,8,Positive / Unusual
22178,-5.540329800159229,1.523622659723691,7533,9563.99,8,Elastic
21162,-0.2300241881391006,1.645931919642857,334,398.91,8,Inelastic
79066K,2.309322371586093,1.0337199675324675,330,286.26,8,Positive / Unusual
21128,-1.722295621756366,9.626666666666669,25,168.37,8,Elastic
21165,-2.488105704046202,2.1306776706721777,3191,4950.44,8,Elastic
21169,-1.9473760651856455,1.9905142971782317,3177,5041.89,8,Elastic
21109,-0.1809802285291835,7.558521825396825,144,1019.74,8,Inelastic
21175,2.627299442502478,2.370898844866111,4180,8593.02,8,Positive / Unusual
21154,0.3291413103485042,1.6557364332421385,2906,3892.35,8,Positive / Unusual
21156,2.36274667198759,2.079814804986031,3254,6011.76,8,Positive / Unusual
22349,0.7922671882874757,4.04400078320802,684,2737.63,8,Positive / Unusual
84509A,-0.1842429077064651,4.720054473304473,326,1315.68,8,Inelastic
21758,0.0954930705259639,9.874241071428573,47,384.66,8,Positive / Unusual
21765,0.439228718364729,8.764148184921963,283,2293.98,8,Positive / Unusual
21833,1.6495360785315754,1.952034786693192,2076,3624.62,8,Positive / Unusual
84510C,0.6073431085674457,1.69625,48,66.3,8,Positive / Unusual
22362,-0.1004236454707504,3.434625068418172,249,799.6700000000001,8,Inelastic
21754,-2.820667063488014,6.63038692016798,2782,16990.7,8,Elastic
21789,-3.855293819574465,0.9381186974789916,1103,897.7699999999999,8,Elastic
47556B,1.8274048555145852,3.208040125022847,1925,5600.59,8,Positive / Unusual
47503J,-1.659821037041637,10.073886904761904,221,1806.59,8,Elastic
22433,-3.313881833506449,2.356098389355742,706,1385.48,8,Elastic
47580,-2.3684250832193783,3.145848081854506,897,2198.66,8,Elastic
47566,-2.464348638754096,5.908978048907465,5946,29499.25,8,Elastic
47593B,3.5358332296129142,1.0374242424242424,217,228.97,8,Positive / Unusual
22310,-0.5058242835269798,2.421853548133153,547,983.38,8,Inelastic
22127,-2.270401286105467,2.140234924389336,1318,1682.33,8,Elastic
21135,-0.0356351871752672,2.3225416666666665,1908,3319.72,8,Inelastic
21205,0.7333731213310439,2.9212708333333333,174,468.8,8,Positive / Unusual
21206,0.7172192526929164,1.860788961038961,474,821.4300000000001,8,Positive / Unusual
79320,2.252559143021017,6.027417301265985,663,3173.19,8,Positive / Unusual
22156,-1.6996966981272887,1.0189834422437318,2860,2436.49,8,Elastic
22147,-0.3927921033387352,1.6092973222359643,4159,5954.26,8,Inelastic
22166,-0.2975642963598296,13.544121794871794,69,785.86,8,Inelastic
21039,0.191176287465999,2.95875,460,1203.9,8,Positive / Unusual
82011B,-1.777553220731249,5.020625,35,141.67000000000002,8,Elastic
21703,-0.0194419452853862,0.4920017857142857,3332,1363.36,8,Inelastic
21715,0.4251618335034646,3.418012793700293,1121,2917.39,8,Positive / Unusual
85099F,4.091469757630323,2.227201333105823,13135,23980.6,8,Positive / Unusual
21746,-0.1887746869622601,1.6483032524435457,1726,2290.8700000000003,8,Inelastic
21724,-1.699974210590812,1.1133665865384614,293,273.34,8,Elastic
84828,-0.5567077458888646,1.7637139271030993,845,1117.69,8,Inelastic
21710,-1.1110095238720985,5.873839285714286,119,553.59,8,Elastic
84380,-1.530438954165318,1.6276476787705048,2540,3380.85,8,Elastic
22431,-0.470612224323965,2.522002533233266,973,1987.83,8,Inelastic
84459A,-1.912168459229321,2.6024102564102565,245,460.42,8,Elastic
21741,-2.5387554538938515,4.526611111111111,253,852.9100000000001,8,Elastic
84832,-1.6900745678274882,1.1169656522483602,2073,1878.71,8,Elastic
84843,0.7852620604573733,7.042380952380952,71,475.73,8,Positive / Unusual
21670,0.827089641171208,1.5817898573678,2483,3464.51,8,Positive / Unusual
22464,0.4999464446769106,1.9710757225203288,3450,5718.6900000000005,8,Positive / Unusual
84358,-0.2936472211301183,16.040416666666665,19,276.45,8,Inelastic
84375,1.8228609276804053,2.397639964603432,1860,3624.57,8,Positive / Unusual
84378,-1.763035619828968,1.5767775463376503,3495,4547.76,8,Elastic
21069,-3.0155931002255114,1.6490279605263156,2098,2042.24,8,Elastic
21100,-1.162697804269211,2.329956683430948,1069,1898.81,8,Elastic
85025B,-1.494633694557823,2.40525,122,228.66,8,Elastic
21220,-0.6918124056381862,1.6430340909090908,181,247.67,8,Inelastic
21110,0.1555953635722518,8.3540248015873,317,2346.83,8,Positive / Unusual
21224,-0.4255449810816543,1.3828117042271453,799,1031.49,8,Inelastic
21231,0.7745930294424191,1.462129531242455,8953,11047.43,8,Positive / Unusual
21240,-1.823269377370492,1.0392625393533594,2391,2049.61,8,Elastic
37461,3.0385780009368744,1.5707026515151514,239,285.42999999999995,8,Positive / Unusual
21258,-2.2240204144276983,17.79226632749059,454,7013.24,8,Elastic
21260,-3.447123384720627,3.807760180053822,1152,3810.55,8,Elastic
21280,-1.9303059537620328,3.193479166666666,1644,924.83,8,Elastic
21241,-1.9460814508367716,0.9545602215766688,1622,1372.04,8,Elastic
20682,-0.1843101079993522,3.8571723003105935,1020,3437.92,8,Inelastic
22134,-1.0632637947929058,0.6598487103174603,401,204.97,8,Elastic
37342,0.5505351084007017,4.214166666666666,57,230.31,8,Positive / Unusual
37444B,-0.7670657900795229,4.103988095238096,1013,237.15,8,Inelastic
21645,2.0609552532647664,1.7867060439560438,567,952.65,8,Positive / Unusual
21693,-2.104853625223001,3.471628205128205,278,847.3000000000002,8,Elastic
84849B,-0.9467196417305784,1.9791457680659983,785,1345.82,8,Inelastic
21832,-0.403941774343989,2.106884943181818,1186,2052.13,8,Inelastic
21864,-0.1558897834286358,2.652683252209747,556,1321.65,8,Inelastic
21867,-1.852653203018865,1.4618768253805017,395,526.87,8,Elastic
21868,-0.7107056872235219,1.6170938283656362,4417,5213.92,8,Inelastic
21684,0.1391847377965284,1.170472222222222,374,357.74,8,Positive / Unusual
21688,1.0848844382419087,3.3920826330532217,410,1245.0200000000002,8,Positive / Unusual
44230,-1.4069987186336537,8.979803571428572,273,2761.98,8,Elastic
21870,-0.4050997726525651,1.4857295338855905,2544,3135.92,8,Inelastic
21873,1.3398297435397817,1.7279464285714283,218,291.15,8,Positive / Unusual
21890,-1.4643215204561624,3.575326247817968,985,2881.8500000000004,8,Elastic
21845,0.6040668789522095,3.538107142857143,324,1210.76,8,Positive / Unusual
22109,-2.398460496474181,4.816808224346077,943,3844.41,8,Elastic
22110,-1.2711293272789166,4.74049234839817,788,2500.9300000000003,8,Elastic
22133,-2.657534499523486,1.2586882568491824,720,668.37,8,Elastic
21289,-0.2598780054594589,1.577875,448,510.1,8,Inelastic
20616,-0.085514083233278,2.9571875,37,94.58,8,Inelastic
35965,0.8365250149625151,3.752625000000001,156,520.04,8,Positive / Unusual
37424,0.9397706842527426,1.261370192307692,2395,536.26,8,Positive / Unusual
21292,-2.427978126261072,0.9202767857142856,616,442.32,8,Elastic
21366,0.2521327014218018,6.498154761904762,41,237.55,8,Positive / Unusual
21268,-0.0859478201416011,1.254409722222222,325,195.86,8,Inelastic
21272,-3.086852341669128,1.6438788629582266,1054,1374.74,8,Elastic
21288,-1.5727192476307978,3.5830152844231797,281,742.8800000000001,8,Elastic
82580,-0.9271230667033988,0.727403281644156,4039,2288.56,8,Inelastic
82486,-3.2710158739384667,8.188911219709754,1530,11635.63,8,Elastic
21311,0.5364590522199219,2.480625,60,136.07999999999998,8,Positive / Unusual
21326,1.1531317041379308,0.8057372578734672,3973,2570.6400000000003,8,Positive / Unusual
21327,-0.1390823018893131,2.039862122252747,614,1124.25,8,Inelastic
21333,-0.7718994753677191,3.2958650050929466,524,1605.5600000000002,8,Inelastic
85103,-0.2780414732485797,8.573888888888888,114,822.58,8,Inelastic
37482P,-1.5104203051093967,6.6685625,118,401.91,8,Elastic
40001,1.575562418069333,1.0885416666666663,1005,762.9,8,Positive / Unusual
84279P,-2.8819607006820305,4.920244690494691,389,1559.39,8,Elastic
62096A,0.6343313564363277,2.3708829887218044,176,299.63,8,Positive / Unusual
85124A,1.2258804854248535,2.9615190746753246,189,535.4,8,Positive / Unusual
85124B,-2.984298898937113,3.0101666666666667,148,397.48,8,Elastic
85124C,-0.0187222564371727,3.199910714285714,170,471.15,8,Inelastic
84251G,-0.6168196412004463,0.56125,123,33.27,8,Inelastic
21640,-1.1478445946108755,1.0512699175824176,852,778.47,8,Elastic
21642,-4.052695175196899,1.0837187499999998,805,708.55,8,Elastic
84270,0.7632544699711873,0.2495578496314652,13361,2865.23,8,Positive / Unusual
84880,-0.9824704671418047,6.403563534107091,927,5262.25,8,Inelastic
22498,-0.1704172069343262,6.985740842953343,412,2587.04,8,Inelastic
